Department,Districts,Monthregister,Fund,Rangeincome,Register
SMA-IPS,KABUPATEN KUBU RAYA,February,ORANG TUA,> 5.000.000,Y
SMK AKUNTANSI,KABUPATEN KETAPANG,February,ORANG TUA,1.500.001 - 2.000.000,Y
SMA-IPS,KABUPATEN KUBU RAYA,February,ORANG TUA,1.500.001 - 2.000.000,Y
SMA-IPS,KABUPATEN SANGGAU,February,ORANG TUA,3.000.001 - 5.000.000,N
SMA-IPA,KABUPATEN KETAPANG,February,ORANG TUA,3.000.001 - 5.000.000,Y
SMA-IPS,KABUPATEN LANDAK,February,ORANG TUA,1.000.001 - 1.500.000,Y
SMA-IPS,KABUPATEN LANDAK,February,ORANG TUA,> 5.000.000,N
STM-MESIN,KOTA PONTIANAK,February,ORANG TUA,2.000.001 - 3.000.000,Y
MA IPS,KABUPATEN BENGKAYANG,February,ORANG TUA,3.000.001 - 5.000.000,N
SMEA,KABUPATEN SEKADAU,February,ORANG TUA,3.000.001 - 5.000.000,N
SMA-IPS,KABUPATEN KAPUAS HULU,February,ORANG TUA,1.000.001 - 1.500.000,N
STM-MESIN,KOTA PONTIANAK,February,ORANG TUA,3.000.001 - 5.000.000,N
SMA-IPS,KABUPATEN LANDAK,February,BEKERJA SENDIRI,500.001 - 1.000.000,Y
PAKET C,KABUPATEN KUBU RAYA,February,TUGAS BELAJAR,< 500.000,N
SMA-IPS,KABUPATEN SANGGAU,February,ORANG TUA,1.000.001 - 1.500.000,N
SMA-IPA,KABUPATEN SINTANG,February,ORANG TUA,3.000.001 - 5.000.000,Y
MA IPA,KOTA SINGKAWANG,February,ORANG TUA,1.500.001 - 2.000.000,N
SMA-IPS,KABUPATEN BENGKAYANG,February,ORANG TUA,2.000.001 - 3.000.000,Y
MA IPA,KABUPATEN BENGKAYANG,February,ORANG TUA,1.000.001 - 1.500.000,N
SMA-IPA,KABUPATEN KUBU RAYA,February,ORANG TUA,1.500.001 - 2.000.000,N
SMK PERTANIAN,KABUPATEN SAMBAS,February,BEKERJA SENDIRI,< 500.000,N
SMK-MEKANIK,KOTA PONTIANAK,February,ORANG TUA,3.000.001 - 5.000.000,Y
PAKET C,KABUPATEN KUBU RAYA,February,ORANG TUA,500.001 - 1.000.000,N
SMA-IPS,KOTA PONTIANAK,February,ORANG TUA,> 5.000.000,Y
MA IPA,KABUPATEN MELAWI,February,ORANG TUA,3.000.001 - 5.000.000,N
SMA-IPS,KABUPATEN SANGGAU,February,ORANG TUA,2.000.001 - 3.000.000,Y
SMA-IPS,KABUPATEN KAPUAS HULU,February,ORANG TUA,< 500.000,N
SMK INFORMATIKA,KABUPATEN KAPUAS HULU,February,ORANG TUA,500.001 - 1.000.000,N
SMA-IPA,KABUPATEN KAYONG UTARA,February,ORANG TUA,< 500.000,Y
SMK BISNIS MANAJEMEN,KOTA PONTIANAK,February,ORANG TUA,500.001 - 1.000.000,N
SMA-IPS,KOTA PONTIANAK,February,ORANG TUA,3.000.001 - 5.000.000,Y
SMA-IPA,KOTA PONTIANAK,February,ORANG TUA,3.000.001 - 5.000.000,Y
SMA-IPA,KOTA PONTIANAK,February,ORANG TUA,2.000.001 - 3.000.000,N
SMA-IPS,KABUPATEN SAMBAS,February,ORANG TUA,3.000.001 - 5.000.000,N
SMA-IPA,KABUPATEN KUBU RAYA,February,ORANG TUA,1.000.001 - 1.500.000,N
SMA-IPS,KABUPATEN SEKADAU,February,ORANG TUA,500.001 - 1.000.000,Y
SMK PERTANIAN,KABUPATEN KAYONG UTARA,February,ORANG TUA,< 500.000,N
SMA-IPS,KABUPATEN KAYONG UTARA,February,BEASISWA,< 500.000,Y
STM-PERIKANAN,KABUPATEN KUBU RAYA,February,ORANG TUA,500.001 - 1.000.000,Y
SMA-IPS,KABUPATEN KAPUAS HULU,February,ORANG TUA,500.001 - 1.000.000,Y
SMA-IPS,KABUPATEN SAMBAS,February,ORANG TUA,500.001 - 1.000.000,N
SMA-IPA,KABUPATEN BENGKAYANG,February,ORANG TUA,< 500.000,N
SMA-IPA,KOTA PONTIANAK,February,ORANG TUA,> 5.000.000,N
SMA-IPS,KABUPATEN SAMBAS,February,ORANG TUA,2.000.001 - 3.000.000,N
SMK BISNIS MANAJEMEN,KABUPATEN KAPUAS HULU,February,ORANG TUA,< 500.000,N
SMA-BAHASA,KABUPATEN BENGKAYANG,February,ORANG TUA,500.001 - 1.000.000,N
MA IPA,KOTA SINGKAWANG,March,ORANG TUA,1.500.001 - 2.000.000,N
SMA-IPA,KABUPATEN SINTANG,March,ORANG TUA,> 5.000.000,N
SMK KESJ. MASYARAKAT,KABUPATEN MEMPAWAH,March,ORANG TUA,1.500.001 - 2.000.000,N
SMA-IPA,KABUPATEN KETAPANG,March,ORANG TUA,1.000.001 - 1.500.000,Y
SMA-IPA,KABUPATEN KETAPANG,March,ORANG TUA,3.000.001 - 5.000.000,Y
SMA-IPA,KOTA PONTIANAK,March,ORANG TUA,2.000.001 - 3.000.000,Y
SMA-IPS,KOTA PONTIANAK,March,ORANG TUA,3.000.001 - 5.000.000,Y
SMA-IPA,KABUPATEN BENGKAYANG,March,ORANG TUA,3.000.001 - 5.000.000,N
SMA-IPS,KABUPATEN SAMBAS,March,ORANG TUA,1.000.001 - 1.500.000,N
SMA-IPA,KABUPATEN MEMPAWAH,March,ORANG TUA,> 5.000.000,Y
SMK AKUNTANSI,KABUPATEN KETAPANG,March,ORANG TUA,500.001 - 1.000.000,Y
SMA-IPA,KOTA SINGKAWANG,March,ORANG TUA,500.001 - 1.000.000,Y
SMA-IPA,KABUPATEN KAYONG UTARA,March,ORANG TUA,500.001 - 1.000.000,Y
SMA-IPA,KABUPATEN LANDAK,March,ORANG TUA,1.000.001 - 1.500.000,Y
SPP-SMF,KOTA PONTIANAK,March,ORANG TUA,2.000.001 - 3.000.000,Y
SMA-IPS,KABUPATEN KAPUAS HULU,March,ORANG TUA,> 5.000.000,Y
PAKET C,KABUPATEN SAMBAS,March,ORANG TUA,1.000.001 - 1.500.000,N
SMA-IPA,KABUPATEN MELAWI,March,ORANG TUA,500.001 - 1.000.000,N
STM-PERIKANAN,KABUPATEN SAMBAS,March,ORANG TUA,500.001 - 1.000.000,Y
SMA-IPS,KOTA PONTIANAK,March,ORANG TUA,< 500.000,Y
SMK-MEKANIK,KABUPATEN KETAPANG,March,ORANG TUA,< 500.000,N
SMA-IPS,KABUPATEN BENGKAYANG,March,ORANG TUA,3.000.001 - 5.000.000,N
SMA-IPS,KOTA PONTIANAK,March,ORANG TUA,2.000.001 - 3.000.000,Y
SMA-IPS,KABUPATEN LANDAK,March,ORANG TUA,< 500.000,N
SMKA,KOTA PONTIANAK,March,ORANG TUA,3.000.001 - 5.000.000,N
SMA-IPA,KABUPATEN LANDAK,March,ORANG TUA,< 500.000,N
SMK PARIWISATA,KOTA PONTIANAK,March,ORANG TUA,> 5.000.000,Y
SMA-IPA,KABUPATEN KETAPANG,March,ORANG TUA,1.500.001 - 2.000.000,Y
SMA-IPS,KABUPATEN KETAPANG,March,ORANG TUA,3.000.001 - 5.000.000,Y
SMK INFORMATIKA,KABUPATEN SINTANG,March,ORANG TUA,1.500.001 - 2.000.000,N
SMA-IPS,KABUPATEN SINTANG,March,ORANG TUA,2.000.001 - 3.000.000,N
SMA-IPA,KABUPATEN SINTANG,March,ORANG TUA,3.000.001 - 5.000.000,Y
STM-MESIN,KOTA PONTIANAK,March,ORANG TUA,3.000.001 - 5.000.000,N
SMA-IPA,KABUPATEN SAMBAS,March,ORANG TUA,2.000.001 - 3.000.000,Y
MA IPA,KOTA SINGKAWANG,March,ORANG TUA,3.000.001 - 5.000.000,N
SMA-IPS,KABUPATEN KUBU RAYA,March,ORANG TUA,2.000.001 - 3.000.000,N
SMA-IPA,KOTA PONTIANAK,March,ORANG TUA,3.000.001 - 5.000.000,N
SMA-IPA,KABUPATEN KETAPANG,March,ORANG TUA,< 500.000,N
SMA-IPA,KABUPATEN KETAPANG,March,ORANG TUA,2.000.001 - 3.000.000,N
SMA-IPA,KOTA SINGKAWANG,March,ORANG TUA,1.000.001 - 1.500.000,N
SMA-IPS,KABUPATEN KETAPANG,March,ORANG TUA,500.001 - 1.000.000,N
SMA-IPS,KABUPATEN KETAPANG,March,ORANG TUA,1.000.001 - 1.500.000,N
SMA-IPS,KABUPATEN KETAPANG,March,ORANG TUA,2.000.001 - 3.000.000,N
SMK TEKNIK INDUSTRI,KOTA PONTIANAK,March,ORANG TUA,2.000.001 - 3.000.000,N
MA IPA,KABUPATEN SANGGAU,March,ORANG TUA,2.000.001 - 3.000.000,N
SMA-IPS,KABUPATEN KUBU RAYA,March,ORANG TUA,3.000.001 - 5.000.000,Y
SMA-IPA,KABUPATEN MEMPAWAH,March,ORANG TUA,1.000.001 - 1.500.000,N
SMA-IPA,KABUPATEN SANGGAU,March,ORANG TUA,< 500.000,N
SMA-IPA,KABUPATEN SINTANG,March,ORANG TUA,2.000.001 - 3.000.000,N
SMA-IPA,KABUPATEN KAPUAS HULU,March,ORANG TUA,3.000.001 - 5.000.000,N
SMA-IPS,KOTA SINGKAWANG,March,ORANG TUA,> 5.000.000,N
PAKET C,KABUPATEN SAMBAS,April,ORANG TUA,3.000.001 - 5.000.000,N
MA IPA,KABUPATEN SANGGAU,April,ORANG TUA,3.000.001 - 5.000.000,Y
SMA-IPS,KABUPATEN MELAWI,April,ORANG TUA,500.001 - 1.000.000,N
SMA-IPA,KABUPATEN SANGGAU,April,ORANG TUA,1.500.001 - 2.000.000,Y
SMA-IPA,KABUPATEN KETAPANG,April,ORANG TUA,3.000.001 - 5.000.000,Y
SMA-IPS,KABUPATEN KUBU RAYA,April,ORANG TUA,2.000.001 - 3.000.000,Y
SMA-IPS,KOTA SINGKAWANG,April,ORANG TUA,3.000.001 - 5.000.000,Y
SMA-IPS,KABUPATEN KAPUAS HULU,April,ORANG TUA,1.000.001 - 1.500.000,Y
STM-PEMBANGUNAN,KOTA SINGKAWANG,April,ORANG TUA,1.500.001 - 2.000.000,N
SMA-IPS,KABUPATEN SINTANG,April,ORANG TUA,3.000.001 - 5.000.000,Y
SMA-IPA,KABUPATEN KAPUAS HULU,April,ORANG TUA,3.000.001 - 5.000.000,Y
SMA-IPA,KOTA SINGKAWANG,April,ORANG TUA,3.000.001 - 5.000.000,Y
SMA-IPA,KABUPATEN SAMBAS,April,ORANG TUA,3.000.001 - 5.000.000,N
SMA-IPA,KABUPATEN KAPUAS HULU,April,ORANG TUA,500.001 - 1.000.000,N
SMA-IPS,KABUPATEN KUBU RAYA,April,ORANG TUA,500.001 - 1.000.000,N
SMA-IPA,KABUPATEN SANGGAU,April,ORANG TUA,2.000.001 - 3.000.000,Y
SMA-IPS,KOTA PONTIANAK,April,ORANG TUA,2.000.001 - 3.000.000,Y
SMA-IPA,KABUPATEN KUBU RAYA,April,ORANG TUA,< 500.000,Y
MA IPA,KOTA SINGKAWANG,April,ORANG TUA,1.500.001 - 2.000.000,N
MA IPA,KOTA SINGKAWANG,April,ORANG TUA,< 500.000,N
SPK KEPERAWATAN,KOTA PONTIANAK,April,ORANG TUA,3.000.001 - 5.000.000,N
SMA-IPA,KABUPATEN KAPUAS HULU,April,ORANG TUA,1.500.001 - 2.000.000,N
SMA-IPA,KOTA PONTIANAK,April,ORANG TUA,1.000.001 - 1.500.000,N
SMA-IPS,KABUPATEN MEMPAWAH,April,ORANG TUA,3.000.001 - 5.000.000,N
MA IPS,KABUPATEN MEMPAWAH,April,ORANG TUA,> 5.000.000,N
SMA-IPA,KABUPATEN BENGKAYANG,April,ORANG TUA,500.001 - 1.000.000,N
SMA-BAHASA,KABUPATEN BENGKAYANG,April,ORANG TUA,2.000.001 - 3.000.000,N
SMA-IPA,KABUPATEN SEKADAU,April,ORANG TUA,3.000.001 - 5.000.000,Y
MA IPA,KABUPATEN KUBU RAYA,April,ORANG TUA,1.000.001 - 1.500.000,N
SMK PARIWISATA,KOTA SINGKAWANG,April,ORANG TUA,1.500.001 - 2.000.000,N
SMA-IPS,KOTA PONTIANAK,April,ORANG TUA,1.500.001 - 2.000.000,Y
SMA-IPA,KABUPATEN KUBU RAYA,April,ORANG TUA,2.000.001 - 3.000.000,Y
STM-MESIN,KOTA PONTIANAK,April,ORANG TUA,500.001 - 1.000.000,N
SMA-IPA,KOTA SINGKAWANG,April,ORANG TUA,1.000.001 - 1.500.000,N
SMA-IPA,KABUPATEN MEMPAWAH,April,BEASISWA,500.001 - 1.000.000,Y
SMA-IPA,KABUPATEN SANGGAU,April,ORANG TUA,500.001 - 1.000.000,N
SMK-MEKANIK,KOTA PONTIANAK,April,ORANG TUA,2.000.001 - 3.000.000,Y
SMA-IPS,KABUPATEN MELAWI,April,ORANG TUA,3.000.001 - 5.000.000,Y
SMA-IPA,KABUPATEN KAYONG UTARA,April,ORANG TUA,> 5.000.000,Y
SMA-IPA,KABUPATEN KUBU RAYA,April,ORANG TUA,> 5.000.000,N
SMA-IPA,KOTA PONTIANAK,April,ORANG TUA,2.000.001 - 3.000.000,Y
MA IPS,KOTA PONTIANAK,April,ORANG TUA,500.001 - 1.000.000,Y
SMA-IPA,KABUPATEN SAMBAS,April,ORANG TUA,< 500.000,N
MA IPS,KABUPATEN MEMPAWAH,April,ORANG TUA,1.000.001 - 1.500.000,N
SMA-IPA,KABUPATEN SAMBAS,April,ORANG TUA,> 5.000.000,Y
SMA-IPA,KOTA PONTIANAK,April,ORANG TUA,< 500.000,N
SMA-IPA,KABUPATEN KUBU RAYA,April,ORANG TUA,3.000.001 - 5.000.000,Y
MA IPS,KOTA PONTIANAK,April,ORANG TUA,2.000.001 - 3.000.000,Y
SMA-IPS,KABUPATEN SEKADAU,April,ORANG TUA,500.001 - 1.000.000,N
MA IPA,KABUPATEN MELAWI,April,ORANG TUA,500.001 - 1.000.000,N
SMK Perkantoran,KABUPATEN KUBU RAYA,April,ORANG TUA,1.500.001 - 2.000.000,N
SMA-IPA,KOTA PONTIANAK,April,ORANG TUA,1.500.001 - 2.000.000,N
SMA-IPA,KOTA SINGKAWANG,April,BEASISWA,1.500.001 - 2.000.000,N
SMA-IPS,KABUPATEN LANDAK,April,ORANG TUA,2.000.001 - 3.000.000,N
SMA-IPA,KABUPATEN KUBU RAYA,April,ORANG TUA,500.001 - 1.000.000,N
SMK AKUNTANSI,KABUPATEN KUBU RAYA,April,ORANG TUA,1.000.001 - 1.500.000,N
SMK AKUNTANSI,KOTA PONTIANAK,April,ORANG TUA,2.000.001 - 3.000.000,Y
SMA-IPS,KABUPATEN LANDAK,April,ORANG TUA,3.000.001 - 5.000.000,Y
SMA-IPS,KABUPATEN KAYONG UTARA,April,ORANG TUA,3.000.001 - 5.000.000,Y
SMA-IPS,KOTA PONTIANAK,April,BEASISWA,1.500.001 - 2.000.000,Y
SMA-IPA,KOTA SINGKAWANG,April,ORANG TUA,2.000.001 - 3.000.000,N
SMA-IPA,KABUPATEN SAMBAS,April,ORANG TUA,1.500.001 - 2.000.000,N
SMA-IPA,KABUPATEN SAMBAS,April,ORANG TUA,1.000.001 - 1.500.000,N
SMK INFORMATIKA,KABUPATEN LANDAK,April,ORANG TUA,< 500.000,Y
SMA-IPS,KABUPATEN LANDAK,April,ORANG TUA,> 5.000.000,Y
SMA-IPS,KABUPATEN KAPUAS HULU,April,ORANG TUA,3.000.001 - 5.000.000,Y
SMA-IPS,KOTA SINGKAWANG,April,ORANG TUA,2.000.001 - 3.000.000,N
SMA-IPA,KABUPATEN KETAPANG,April,ORANG TUA,1.000.001 - 1.500.000,N
SMA-IPA,KABUPATEN KETAPANG,April,ORANG TUA,1.500.001 - 2.000.000,Y
SMK AKUNTANSI,KABUPATEN KETAPANG,April,ORANG TUA,1.000.001 - 1.500.000,Y
PAKET C,KABUPATEN MELAWI,April,ORANG TUA,> 5.000.000,N
SMK BISNIS MANAJEMEN,KABUPATEN SINTANG,April,ORANG TUA,2.000.001 - 3.000.000,Y
SMA-IPS,KABUPATEN SEKADAU,April,ORANG TUA,1.000.001 - 1.500.000,N
SMA-IPS,KABUPATEN SINTANG,April,ORANG TUA,2.000.001 - 3.000.000,Y
SMA-IPS,KABUPATEN KAPUAS HULU,April,ORANG TUA,< 500.000,N
SMA AGAMA,KOTA SINGKAWANG,April,BEASISWA,1.000.001 - 1.500.000,N
SMA AGAMA,KABUPATEN MEMPAWAH,April,ORANG TUA,< 500.000,Y
SMKA,KOTA PONTIANAK,April,ORANG TUA,2.000.001 - 3.000.000,Y
SMA-IPA,KOTA PONTIANAK,April,ORANG TUA,> 5.000.000,Y
MA AGAMA,KOTA SINGKAWANG,April,ORANG TUA,1.000.001 - 1.500.000,Y
SMA-IPA,KABUPATEN KAPUAS HULU,April,ORANG TUA,2.000.001 - 3.000.000,N
SMA-IPA,KABUPATEN SINTANG,April,ORANG TUA,1.500.001 - 2.000.000,N
SMA-IPS,KABUPATEN KAPUAS HULU,April,ORANG TUA,2.000.001 - 3.000.000,Y
SMA-IPA,KABUPATEN LANDAK,April,ORANG TUA,> 5.000.000,N
SMA-IPS,KABUPATEN BENGKAYANG,April,ORANG TUA,> 5.000.000,Y
SMA-IPS,KABUPATEN KAYONG UTARA,April,ORANG TUA,1.500.001 - 2.000.000,N
SMA-IPS,KABUPATEN SAMBAS,April,ORANG TUA,3.000.001 - 5.000.000,N
SMA-IPA,KABUPATEN SINTANG,April,ORANG TUA,3.000.001 - 5.000.000,Y
SPK KEPERAWATAN,KOTA PONTIANAK,April,ORANG TUA,500.001 - 1.000.000,Y
SMA-IPA,KABUPATEN SEKADAU,April,ORANG TUA,1.000.001 - 1.500.000,Y
SMA-IPS,KOTA PONTIANAK,April,ORANG TUA,> 5.000.000,Y
SMA-IPA,KABUPATEN LANDAK,May,ORANG TUA,2.000.001 - 3.000.000,Y
SMA-IPA,KABUPATEN KUBU RAYA,May,ORANG TUA,500.001 - 1.000.000,N
SMA-IPA,KABUPATEN KUBU RAYA,May,ORANG TUA,1.500.001 - 2.000.000,N
SMA-IPS,KABUPATEN MEMPAWAH,May,ORANG TUA,1.500.001 - 2.000.000,Y
STM-PERIKANAN,KABUPATEN KUBU RAYA,May,ORANG TUA,1.500.001 - 2.000.000,N
SMA-BAHASA,KABUPATEN BENGKAYANG,May,ORANG TUA,2.000.001 - 3.000.000,N
SMA-IPS,KABUPATEN LANDAK,May,ORANG TUA,2.000.001 - 3.000.000,N
SMA-IPS,KABUPATEN KUBU RAYA,May,ORANG TUA,< 500.000,Y
SMA-IPS,KOTA PONTIANAK,May,ORANG TUA,2.000.001 - 3.000.000,Y
SMA-IPS,KABUPATEN SINTANG,May,ORANG TUA,2.000.001 - 3.000.000,N
SMA-IPS,KOTA PONTIANAK,May,ORANG TUA,500.001 - 1.000.000,Y
SMA-IPS,KABUPATEN KUBU RAYA,May,ORANG TUA,1.000.001 - 1.500.000,Y
SMA-IPA,KABUPATEN SAMBAS,May,ORANG TUA,3.000.001 - 5.000.000,Y
SMA-IPA,KABUPATEN SAMBAS,May,ORANG TUA,> 5.000.000,Y
SMA-IPS,KABUPATEN KAPUAS HULU,May,ORANG TUA,2.000.001 - 3.000.000,Y
SMA-IPS,KABUPATEN BENGKAYANG,May,ORANG TUA,1.000.001 - 1.500.000,N
SMK AKUNTANSI,KABUPATEN BENGKAYANG,May,ORANG TUA,2.000.001 - 3.000.000,N
SMK INFORMATIKA,KOTA PONTIANAK,May,ORANG TUA,< 500.000,Y
SMA-IPA,KABUPATEN KUBU RAYA,May,ORANG TUA,1.000.001 - 1.500.000,Y
SMK AKUNTANSI,KOTA PONTIANAK,May,ORANG TUA,2.000.001 - 3.000.000,Y
SMK AKUNTANSI,KABUPATEN KETAPANG,May,ORANG TUA,1.000.001 - 1.500.000,Y
SMA-IPS,KABUPATEN KAYONG UTARA,May,ORANG TUA,500.001 - 1.000.000,N
SMA-IPA,KOTA PONTIANAK,May,ORANG TUA,2.000.001 - 3.000.000,N
SMA-IPS,KABUPATEN SAMBAS,May,ORANG TUA,1.000.001 - 1.500.000,N
SMA-IPA,KABUPATEN KAPUAS HULU,May,ORANG TUA,3.000.001 - 5.000.000,N
SMA-IPS,KABUPATEN BENGKAYANG,May,ORANG TUA,3.000.001 - 5.000.000,Y
SMA-IPS,KABUPATEN SAMBAS,May,ORANG TUA,3.000.001 - 5.000.000,Y
SMA-IPA,KABUPATEN SEKADAU,May,ORANG TUA,1.000.001 - 1.500.000,N
SMA-IPA,KOTA SINGKAWANG,May,ORANG TUA,3.000.001 - 5.000.000,Y
PAKET C,KABUPATEN KETAPANG,May,ORANG TUA,< 500.000,N
SMA-IPS,KABUPATEN MELAWI,May,ORANG TUA,500.001 - 1.000.000,Y
SMA-IPS,KABUPATEN KUBU RAYA,May,ORANG TUA,1.500.001 - 2.000.000,N
SMA-IPS,KABUPATEN SAMBAS,May,ORANG TUA,1.500.001 - 2.000.000,N
SMK-MEKANIK,KABUPATEN SAMBAS,May,ORANG TUA,< 500.000,N
SMA-IPA,KABUPATEN SAMBAS,May,ORANG TUA,< 500.000,N
SMA-IPA,KOTA SINGKAWANG,May,ORANG TUA,500.001 - 1.000.000,N
SMA-IPA,KABUPATEN MEMPAWAH,May,ORANG TUA,1.500.001 - 2.000.000,N
MA IPS,KABUPATEN MEMPAWAH,May,ORANG TUA,3.000.001 - 5.000.000,N
SMA-IPA,KABUPATEN MEMPAWAH,May,ORANG TUA,1.000.001 - 1.500.000,N
SMA-IPA,KABUPATEN SINTANG,May,ORANG TUA,1.500.001 - 2.000.000,Y
SMA-IPS,KABUPATEN SINTANG,May,ORANG TUA,3.000.001 - 5.000.000,N
STM-LISTRIK,KOTA SINGKAWANG,May,ORANG TUA,3.000.001 - 5.000.000,Y
MA AGAMA,KOTA SINGKAWANG,May,ORANG TUA,1.000.001 - 1.500.000,N
MA IPS,KABUPATEN SINTANG,May,ORANG TUA,1.500.001 - 2.000.000,Y
STM-PERIKANAN,KABUPATEN KUBU RAYA,May,ORANG TUA,1.000.001 - 1.500.000,N
SMA-IPS,KABUPATEN KETAPANG,May,ORANG TUA,> 5.000.000,Y
SMK AKUNTANSI,KABUPATEN SINTANG,May,ORANG TUA,< 500.000,Y
SMK AKUNTANSI,KABUPATEN SINTANG,May,ORANG TUA,2.000.001 - 3.000.000,Y
SMA-IPS,KABUPATEN KAYONG UTARA,May,ORANG TUA,> 5.000.000,N
SMA-IPS,KOTA PONTIANAK,May,ORANG TUA,1.500.001 - 2.000.000,Y
SMA-IPA,KABUPATEN BENGKAYANG,May,TUGAS BELAJAR,< 500.000,N
SMA-IPS,KABUPATEN BENGKAYANG,May,ORANG TUA,< 500.000,N
SMA-IPA,KOTA PONTIANAK,May,ORANG TUA,3.000.001 - 5.000.000,Y
SMA-IPS,KOTA SINGKAWANG,May,ORANG TUA,2.000.001 - 3.000.000,Y
SMA-IPS,KABUPATEN MELAWI,May,ORANG TUA,> 5.000.000,Y
SMA-IPA,KABUPATEN KUBU RAYA,May,ORANG TUA,< 500.000,N
SMA-IPS,KABUPATEN SEKADAU,May,ORANG TUA,1.500.001 - 2.000.000,N
SMA-IPS,KOTA PONTIANAK,May,ORANG TUA,> 5.000.000,Y
MA IPS,KABUPATEN MELAWI,May,ORANG TUA,< 500.000,N
MA IPA,KABUPATEN KAPUAS HULU,May,ORANG TUA,> 5.000.000,Y
SMA-IPS,KABUPATEN KAPUAS HULU,May,ORANG TUA,1.000.001 - 1.500.000,N
PAKET C,KABUPATEN SAMBAS,May,ORANG TUA,3.000.001 - 5.000.000,Y
MA AGAMA,KOTA SINGKAWANG,May,ORANG TUA,2.000.001 - 3.000.000,Y
MA IPA,KOTA SINGKAWANG,May,ORANG TUA,< 500.000,Y
SMA AGAMA,KOTA SINGKAWANG,May,ORANG TUA,500.001 - 1.000.000,N
SMA-IPS,KABUPATEN KETAPANG,May,ORANG TUA,< 500.000,Y
SMA-IPA,KABUPATEN KAPUAS HULU,May,ORANG TUA,< 500.000,N
SMA AGAMA,KOTA SINGKAWANG,May,ORANG TUA,2.000.001 - 3.000.000,Y
SMA-IPS,KABUPATEN KUBU RAYA,May,ORANG TUA,500.001 - 1.000.000,Y
SMA-IPS,KABUPATEN SEKADAU,May,BEASISWA,3.000.001 - 5.000.000,N
SMK-MEKANIK,KOTA PONTIANAK,May,ORANG TUA,3.000.001 - 5.000.000,Y
SMA-IPS,KOTA PONTIANAK,May,ORANG TUA,3.000.001 - 5.000.000,Y
SMA-IPA,KABUPATEN SAMBAS,May,ORANG TUA,1.000.001 - 1.500.000,N
MA AGAMA,KABUPATEN SINTANG,May,ORANG TUA,1.500.001 - 2.000.000,Y
SMA-IPA,KABUPATEN KETAPANG,May,ORANG TUA,> 5.000.000,Y
MA IPA,KOTA PONTIANAK,May,ORANG TUA,> 5.000.000,Y
SMA-IPA,KABUPATEN KETAPANG,May,ORANG TUA,3.000.001 - 5.000.000,N
SMK INFORMATIKA,KABUPATEN KAPUAS HULU,May,ORANG TUA,500.001 - 1.000.000,N
SMA-IPA,KABUPATEN KUBU RAYA,May,ORANG TUA,2.000.001 - 3.000.000,N
STM-MESIN,KABUPATEN KETAPANG,May,ORANG TUA,500.001 - 1.000.000,Y
SMK Perkantoran,KABUPATEN LANDAK,May,ORANG TUA,500.001 - 1.000.000,N
SMA-IPS,KABUPATEN KUBU RAYA,May,ORANG TUA,> 5.000.000,N
SMK AKUNTANSI,KOTA PONTIANAK,May,ORANG TUA,1.000.001 - 1.500.000,N
SMA-IPA,KOTA PONTIANAK,May,ORANG TUA,> 5.000.000,Y
SMA-IPA,KABUPATEN SANGGAU,May,ORANG TUA,< 500.000,N
SMA AGAMA,KABUPATEN KAPUAS HULU,May,ORANG TUA,< 500.000,N
SMA-IPS,KABUPATEN SAMBAS,May,ORANG TUA,500.001 - 1.000.000,N
STM-LISTRIK,KABUPATEN SINTANG,May,ORANG TUA,1.000.001 - 1.500.000,Y
SMA-IPS,KOTA SINGKAWANG,May,ORANG TUA,500.001 - 1.000.000,Y
SMA-IPA,KABUPATEN SAMBAS,May,ORANG TUA,1.500.001 - 2.000.000,N
SMA-IPS,KABUPATEN MELAWI,May,ORANG TUA,< 500.000,N
SPK KEPERAWATAN,KABUPATEN KAYONG UTARA,May,ORANG TUA,1.000.001 - 1.500.000,Y
SMA-IPS,KABUPATEN SANGGAU,May,ORANG TUA,1.500.001 - 2.000.000,N
SMA-IPA,KABUPATEN SANGGAU,May,ORANG TUA,2.000.001 - 3.000.000,N
SMA-IPS,KABUPATEN LANDAK,May,ORANG TUA,3.000.001 - 5.000.000,Y
SMK INFORMATIKA,KOTA PONTIANAK,May,ORANG TUA,2.000.001 - 3.000.000,Y
MA IPA,KABUPATEN SAMBAS,May,ORANG TUA,3.000.001 - 5.000.000,N
MA IPS,KOTA PONTIANAK,May,ORANG TUA,2.000.001 - 3.000.000,Y
SMA-IPS,KABUPATEN KETAPANG,May,ORANG TUA,500.001 - 1.000.000,Y
SMA-IPA,KABUPATEN LANDAK,May,ORANG TUA,< 500.000,Y
PAKET C,KOTA PONTIANAK,May,ORANG TUA,> 5.000.000,Y
SMK PARIWISATA,KOTA PONTIANAK,May,ORANG TUA,3.000.001 - 5.000.000,Y
SMA-IPA,KOTA PONTIANAK,May,ORANG TUA,1.500.001 - 2.000.000,Y
SMA-IPA,KOTA PONTIANAK,June,ORANG TUA,1.500.001 - 2.000.000,N
SMA-IPS,KABUPATEN KUBU RAYA,June,ORANG TUA,500.001 - 1.000.000,Y
SMA-IPS,KOTA PONTIANAK,June,ORANG TUA,3.000.001 - 5.000.000,Y
SMA-IPS,KABUPATEN SAMBAS,June,ORANG TUA,3.000.001 - 5.000.000,N
SMA-IPA,KABUPATEN SANGGAU,June,ORANG TUA,2.000.001 - 3.000.000,N
SMA-IPS,KABUPATEN KETAPANG,June,ORANG TUA,< 500.000,Y
SMA-IPS,KABUPATEN KETAPANG,June,ORANG TUA,1.000.001 - 1.500.000,Y
SMA-IPA,KABUPATEN KAPUAS HULU,June,ORANG TUA,500.001 - 1.000.000,Y
MA IPA,KABUPATEN MELAWI,June,ORANG TUA,1.000.001 - 1.500.000,Y
SMA-IPA,KABUPATEN KAYONG UTARA,June,ORANG TUA,500.001 - 1.000.000,N
SMK BISNIS MANAJEMEN,KOTA PONTIANAK,June,ORANG TUA,1.000.001 - 1.500.000,N
SMA-IPA,KOTA SINGKAWANG,June,ORANG TUA,2.000.001 - 3.000.000,N
SMKI/SMIK,KABUPATEN KAPUAS HULU,June,ORANG TUA,1.500.001 - 2.000.000,Y
SMA-IPS,KABUPATEN KUBU RAYA,June,ORANG TUA,> 5.000.000,Y
SMA-IPS,KABUPATEN SAMBAS,June,ORANG TUA,1.000.001 - 1.500.000,N
SMA-IPS,KABUPATEN KETAPANG,June,ORANG TUA,1.500.001 - 2.000.000,Y
SMA-IPA,KABUPATEN SINTANG,June,ORANG TUA,1.000.001 - 1.500.000,Y
SMA-IPS,KABUPATEN SINTANG,June,ORANG TUA,1.000.001 - 1.500.000,Y
SMA-IPA,KABUPATEN KAPUAS HULU,June,ORANG TUA,1.000.001 - 1.500.000,Y
SMA-IPS,KABUPATEN KAPUAS HULU,June,ORANG TUA,500.001 - 1.000.000,N
SMA-IPS,KABUPATEN LANDAK,June,ORANG TUA,2.000.001 - 3.000.000,Y
SMA-IPS,KABUPATEN KAYONG UTARA,June,ORANG TUA,1.000.001 - 1.500.000,Y
SMA-IPS,KOTA SINGKAWANG,June,ORANG TUA,> 5.000.000,Y
MA IPA,KOTA SINGKAWANG,June,ORANG TUA,2.000.001 - 3.000.000,N
SPK KEPERAWATAN,KABUPATEN MELAWI,June,ORANG TUA,< 500.000,N
SMA-IPA,KOTA PONTIANAK,June,ORANG TUA,3.000.001 - 5.000.000,Y
SMA-IPS,KOTA PONTIANAK,June,ORANG TUA,> 5.000.000,N
MA AGAMA,KOTA SINGKAWANG,June,ORANG TUA,3.000.001 - 5.000.000,N
MA AGAMA,KOTA SINGKAWANG,June,ORANG TUA,1.000.001 - 1.500.000,N
SMA-IPS,KABUPATEN SANGGAU,June,ORANG TUA,3.000.001 - 5.000.000,N
SMK INFORMATIKA,KABUPATEN SINTANG,June,ORANG TUA,1.500.001 - 2.000.000,Y
SMA-IPS,KABUPATEN KUBU RAYA,June,ORANG TUA,< 500.000,N
SMK INFORMATIKA,KOTA PONTIANAK,June,BEKERJA SENDIRI,2.000.001 - 3.000.000,N
SMK-PERHOTELAN,KABUPATEN SAMBAS,June,ORANG TUA,500.001 - 1.000.000,N
STM-MESIN,KOTA SINGKAWANG,June,ORANG TUA,3.000.001 - 5.000.000,N
SMA-IPS,KABUPATEN SINTANG,June,ORANG TUA,2.000.001 - 3.000.000,N
SMA-IPS,KABUPATEN KAPUAS HULU,June,ORANG TUA,2.000.001 - 3.000.000,Y
SMA-IPA,KABUPATEN KAPUAS HULU,June,ORANG TUA,1.500.001 - 2.000.000,Y
SMA-IPA,KABUPATEN SEKADAU,June,ORANG TUA,> 5.000.000,N
SMA-IPA,KABUPATEN KAYONG UTARA,June,ORANG TUA,2.000.001 - 3.000.000,Y
SMA-IPS,KABUPATEN KAYONG UTARA,June,ORANG TUA,500.001 - 1.000.000,N
SMA-IPS,KABUPATEN KUBU RAYA,June,ORANG TUA,3.000.001 - 5.000.000,N
SMA-IPA,KABUPATEN KUBU RAYA,June,ORANG TUA,1.000.001 - 1.500.000,Y
SMA-IPA,KOTA SINGKAWANG,June,ORANG TUA,1.000.001 - 1.500.000,N
SMA AGAMA,KABUPATEN SAMBAS,June,ORANG TUA,500.001 - 1.000.000,N
SMA-IPS,KABUPATEN SANGGAU,June,ORANG TUA,500.001 - 1.000.000,N
SMA-IPS,KABUPATEN KAPUAS HULU,June,ORANG TUA,1.500.001 - 2.000.000,N
SMA-IPS,KABUPATEN MELAWI,June,ORANG TUA,< 500.000,N
SMA AGAMA,KOTA SINGKAWANG,June,ORANG TUA,> 5.000.000,Y
SMK-MEKANIK,KABUPATEN MEMPAWAH,June,ORANG TUA,2.000.001 - 3.000.000,Y
SMA-IPS,KABUPATEN MEMPAWAH,June,ORANG TUA,< 500.000,Y
SMK PERTANIAN,KABUPATEN KETAPANG,June,ORANG TUA,1.000.001 - 1.500.000,N
SMA-IPS,KABUPATEN SINTANG,June,ORANG TUA,< 500.000,Y
MA IPS,KABUPATEN KAPUAS HULU,June,ORANG TUA,500.001 - 1.000.000,N
MA IPA,KABUPATEN MELAWI,June,ORANG TUA,1.500.001 - 2.000.000,N
MA IPS,KABUPATEN KAYONG UTARA,June,ORANG TUA,1.500.001 - 2.000.000,N
SMK Perkantoran,KOTA PONTIANAK,June,ORANG TUA,500.001 - 1.000.000,Y
SMA-IPA,KABUPATEN SAMBAS,June,ORANG TUA,2.000.001 - 3.000.000,N
SMA-IPS,KABUPATEN SAMBAS,June,ORANG TUA,2.000.001 - 3.000.000,N
SMA-IPS,KABUPATEN SINTANG,June,ORANG TUA,> 5.000.000,Y
SMA-IPS,KABUPATEN KAPUAS HULU,June,ORANG TUA,< 500.000,Y
MA IPA,KABUPATEN MEMPAWAH,June,ORANG TUA,3.000.001 - 5.000.000,N
SMA-IPS,KABUPATEN KAPUAS HULU,June,ORANG TUA,1.000.001 - 1.500.000,Y
SMA-IPS,KABUPATEN MELAWI,June,ORANG TUA,3.000.001 - 5.000.000,Y
SMA-IPA,KABUPATEN KAYONG UTARA,June,ORANG TUA,3.000.001 - 5.000.000,N
MA IPA,KOTA PONTIANAK,June,ORANG TUA,2.000.001 - 3.000.000,N
SMA-IPA,KABUPATEN KUBU RAYA,June,ORANG TUA,3.000.001 - 5.000.000,Y
STM-MESIN,KABUPATEN MELAWI,June,ORANG TUA,2.000.001 - 3.000.000,Y
SMA-IPS,KABUPATEN KAYONG UTARA,June,ORANG TUA,2.000.001 - 3.000.000,Y
SMA-IPA,KABUPATEN SEKADAU,June,ORANG TUA,2.000.001 - 3.000.000,N
SMK AKUNTANSI,KABUPATEN KAYONG UTARA,June,ORANG TUA,2.000.001 - 3.000.000,N
SMA-IPA,KABUPATEN KAYONG UTARA,June,ORANG TUA,< 500.000,N
SMA-IPA,KABUPATEN KAYONG UTARA,June,ORANG TUA,1.000.001 - 1.500.000,N
SMA-IPA,KABUPATEN KAYONG UTARA,June,ORANG TUA,> 5.000.000,Y
SMA-IPS,KOTA PONTIANAK,June,ORANG TUA,2.000.001 - 3.000.000,Y
SPK KEPERAWATAN,KABUPATEN MEMPAWAH,June,ORANG TUA,1.500.001 - 2.000.000,N
SMK AKUNTANSI,KABUPATEN SANGGAU,June,ORANG TUA,1.500.001 - 2.000.000,N
SMA-IPA,KABUPATEN SANGGAU,June,ORANG TUA,1.000.001 - 1.500.000,N
STM-PEMBANGUNAN,KABUPATEN SINTANG,June,ORANG TUA,2.000.001 - 3.000.000,N
SMA-IPA,KABUPATEN LANDAK,June,ORANG TUA,500.001 - 1.000.000,N
SMK AKUNTANSI,KABUPATEN LANDAK,June,ORANG TUA,1.000.001 - 1.500.000,N
SMA-IPS,KABUPATEN SEKADAU,June,ORANG TUA,1.500.001 - 2.000.000,N
SMA-IPS,KABUPATEN MELAWI,June,ORANG TUA,1.500.001 - 2.000.000,N
SMK KESJ. MASYARAKAT,KABUPATEN KAYONG UTARA,June,ORANG TUA,2.000.001 - 3.000.000,N
MA AGAMA,KOTA PONTIANAK,June,ORANG TUA,500.001 - 1.000.000,N
SMA-IPS,KABUPATEN KETAPANG,June,ORANG TUA,500.001 - 1.000.000,Y
MA AGAMA,KABUPATEN MELAWI,June,ORANG TUA,1.500.001 - 2.000.000,N
SMA-IPA,KOTA PONTIANAK,June,BEASISWA,1.000.001 - 1.500.000,Y
MA IPA,KOTA SINGKAWANG,June,ORANG TUA,> 5.000.000,N
SMA-IPA,KABUPATEN SANGGAU,June,ORANG TUA,500.001 - 1.000.000,N
SMA-IPS,KABUPATEN MELAWI,June,ORANG TUA,500.001 - 1.000.000,Y
SMA-IPS,KABUPATEN KUBU RAYA,June,BEASISWA,< 500.000,Y
SMK PERTANIAN,KABUPATEN KAYONG UTARA,June,ORANG TUA,1.500.001 - 2.000.000,Y
SMA-IPA,KABUPATEN KUBU RAYA,June,ORANG TUA,500.001 - 1.000.000,N
SMA-IPS,KABUPATEN MEMPAWAH,June,ORANG TUA,1.000.001 - 1.500.000,N
SMK AKUNTANSI,KOTA PONTIANAK,June,ORANG TUA,3.000.001 - 5.000.000,N
MA IPA,KABUPATEN SANGGAU,June,ORANG TUA,1.000.001 - 1.500.000,N
SMA-IPA,KABUPATEN KUBU RAYA,June,ORANG TUA,1.500.001 - 2.000.000,N
SMA-IPS,KABUPATEN SAMBAS,June,ORANG TUA,< 500.000,Y
SMK INFORMATIKA,KABUPATEN SAMBAS,June,ORANG TUA,2.000.001 - 3.000.000,Y
SMA-IPA,KABUPATEN KETAPANG,June,ORANG TUA,3.000.001 - 5.000.000,Y
SMA-IPA,KABUPATEN LANDAK,June,ORANG TUA,1.500.001 - 2.000.000,N
SMA-IPS,KOTA PONTIANAK,June,ORANG TUA,1.000.001 - 1.500.000,N
SMA-IPA,KOTA SINGKAWANG,June,ORANG TUA,500.001 - 1.000.000,N
SMK Perkantoran,KABUPATEN MEMPAWAH,June,ORANG TUA,1.000.001 - 1.500.000,N
MA IPS,KABUPATEN KAPUAS HULU,June,ORANG TUA,< 500.000,N
SPP-SMF,KOTA PONTIANAK,June,ORANG TUA,3.000.001 - 5.000.000,N
MA AGAMA,KABUPATEN SAMBAS,June,ORANG TUA,1.000.001 - 1.500.000,Y
STM-MESIN,KABUPATEN SANGGAU,June,ORANG TUA,2.000.001 - 3.000.000,Y
MA AGAMA,KOTA PONTIANAK,June,ORANG TUA,1.500.001 - 2.000.000,Y
SMA-IPS,KABUPATEN SINTANG,June,ORANG TUA,1.500.001 - 2.000.000,Y
SMA-IPS,KOTA PONTIANAK,June,ORANG TUA,1.500.001 - 2.000.000,Y
SMA-IPA,KABUPATEN SEKADAU,June,ORANG TUA,3.000.001 - 5.000.000,N
SMA-IPA,KABUPATEN SEKADAU,June,ORANG TUA,1.500.001 - 2.000.000,N
MA IPS,KABUPATEN MELAWI,June,ORANG TUA,1.500.001 - 2.000.000,N
SMK INFORMATIKA,KABUPATEN KUBU RAYA,June,ORANG TUA,500.001 - 1.000.000,N
SMA AGAMA,KABUPATEN KUBU RAYA,June,ORANG TUA,1.500.001 - 2.000.000,Y
MA IPS,KABUPATEN SINTANG,June,ORANG TUA,1.500.001 - 2.000.000,Y
SMA-IPS,KABUPATEN LANDAK,June,ORANG TUA,500.001 - 1.000.000,Y
SMA-IPS,KABUPATEN MELAWI,June,ORANG TUA,1.000.001 - 1.500.000,Y
SMK-MEKANIK,KOTA PONTIANAK,June,ORANG TUA,1.500.001 - 2.000.000,N
SMA-IPS,KABUPATEN SANGGAU,June,ORANG TUA,1.500.001 - 2.000.000,Y
SMA-IPA,KABUPATEN SANGGAU,June,ORANG TUA,< 500.000,N
SMA-IPS,KABUPATEN SANGGAU,June,ORANG TUA,1.000.001 - 1.500.000,N
SMA-IPA,KOTA PONTIANAK,June,ORANG TUA,< 500.000,Y
SMK KESJ. MASYARAKAT,KABUPATEN KETAPANG,June,ORANG TUA,< 500.000,N
MA IPA,KABUPATEN LANDAK,June,ORANG TUA,1.500.001 - 2.000.000,N
MA IPS,KABUPATEN KUBU RAYA,June,ORANG TUA,2.000.001 - 3.000.000,N
SMA-IPS,KABUPATEN KUBU RAYA,June,ORANG TUA,2.000.001 - 3.000.000,N
SMK PARIWISATA,KABUPATEN SINTANG,June,ORANG TUA,2.000.001 - 3.000.000,Y
SMK AKUNTANSI,KABUPATEN KUBU RAYA,June,ORANG TUA,2.000.001 - 3.000.000,Y
STM ELEKTRONIKA,KABUPATEN SINTANG,June,ORANG TUA,2.000.001 - 3.000.000,Y
SMA-IPA,KABUPATEN KETAPANG,June,ORANG TUA,2.000.001 - 3.000.000,N
STM-MESIN,KOTA PONTIANAK,June,ORANG TUA,500.001 - 1.000.000,N
SMK PERTANIAN,KABUPATEN KAYONG UTARA,June,ORANG TUA,500.001 - 1.000.000,N
SMA-IPA,KABUPATEN KUBU RAYA,June,ORANG TUA,< 500.000,N
MA IPS,KABUPATEN SAMBAS,June,ORANG TUA,3.000.001 - 5.000.000,Y
SMA-IPS,KABUPATEN KETAPANG,June,ORANG TUA,2.000.001 - 3.000.000,Y
MA IPA,KABUPATEN KAPUAS HULU,June,ORANG TUA,500.001 - 1.000.000,Y
SMA-IPS,KABUPATEN SEKADAU,June,ORANG TUA,< 500.000,N
SMA-IPA,KOTA PONTIANAK,June,ORANG TUA,1.000.001 - 1.500.000,N
SMA-IPA,KOTA SINGKAWANG,June,ORANG TUA,3.000.001 - 5.000.000,N
MA IPA,KABUPATEN KETAPANG,June,ORANG TUA,3.000.001 - 5.000.000,N
SMK Perkantoran,KABUPATEN SINTANG,June,ORANG TUA,3.000.001 - 5.000.000,Y
SMA-IPA,KOTA PONTIANAK,June,ORANG TUA,2.000.001 - 3.000.000,Y
SMA-IPS,KABUPATEN SAMBAS,June,ORANG TUA,500.001 - 1.000.000,N
MA AGAMA,KABUPATEN MEMPAWAH,June,ORANG TUA,< 500.000,Y
SMA-IPA,KABUPATEN KAPUAS HULU,June,ORANG TUA,< 500.000,N
SMA-IPS,KABUPATEN BENGKAYANG,June,ORANG TUA,3.000.001 - 5.000.000,Y
SMK INFORMATIKA,KOTA PONTIANAK,June,ORANG TUA,1.500.001 - 2.000.000,Y
SMA-IPA,KABUPATEN SAMBAS,July,ORANG TUA,< 500.000,N
SMA-IPA,KABUPATEN SINTANG,July,ORANG TUA,2.000.001 - 3.000.000,N
SMA-IPS,KABUPATEN KUBU RAYA,July,ORANG TUA,2.000.001 - 3.000.000,Y
SMK INFORMATIKA,KOTA PONTIANAK,July,ORANG TUA,1.000.001 - 1.500.000,N
MA IPA,KOTA PONTIANAK,July,ORANG TUA,2.000.001 - 3.000.000,N
MA IPS,KOTA PONTIANAK,July,ORANG TUA,1.000.001 - 1.500.000,Y
SMA-IPA,KABUPATEN KUBU RAYA,July,ORANG TUA,2.000.001 - 3.000.000,Y
SMA-IPA,KABUPATEN SINTANG,July,ORANG TUA,1.500.001 - 2.000.000,Y
SMA-IPS,KOTA PONTIANAK,July,ORANG TUA,> 5.000.000,N
SMK INFORMATIKA,KABUPATEN KUBU RAYA,July,ORANG TUA,< 500.000,N
MA IPS,KABUPATEN KUBU RAYA,July,ORANG TUA,3.000.001 - 5.000.000,N
SMK INFORMATIKA,KABUPATEN LANDAK,July,ORANG TUA,500.001 - 1.000.000,N
SMA-IPS,KABUPATEN SAMBAS,July,ORANG TUA,500.001 - 1.000.000,Y
SMK-MEKANIK,KOTA SINGKAWANG,July,ORANG TUA,1.000.001 - 1.500.000,Y
SMA-IPA,KABUPATEN SANGGAU,July,ORANG TUA,2.000.001 - 3.000.000,Y
SMA-IPS,KABUPATEN KAPUAS HULU,July,ORANG TUA,1.000.001 - 1.500.000,N
SMA-IPS,KABUPATEN KAPUAS HULU,July,ORANG TUA,1.500.001 - 2.000.000,N
SMA-IPS,KABUPATEN MELAWI,July,ORANG TUA,< 500.000,N
SMK TEKNIK INDUSTRI,KOTA PONTIANAK,July,ORANG TUA,3.000.001 - 5.000.000,Y
SMA-IPA,KABUPATEN KUBU RAYA,July,ORANG TUA,3.000.001 - 5.000.000,Y
SMA-IPA,KABUPATEN KUBU RAYA,July,ORANG TUA,1.500.001 - 2.000.000,Y
SMA-IPS,KABUPATEN KUBU RAYA,July,ORANG TUA,1.500.001 - 2.000.000,Y
SMA-IPA,KOTA PONTIANAK,July,ORANG TUA,3.000.001 - 5.000.000,N
SMK AKUNTANSI,KOTA PONTIANAK,July,ORANG TUA,1.500.001 - 2.000.000,N
SMK Perkantoran,KABUPATEN MELAWI,July,ORANG TUA,2.000.001 - 3.000.000,N
SMA-IPS,KABUPATEN KETAPANG,July,ORANG TUA,> 5.000.000,N
MA IPS,KABUPATEN KETAPANG,July,ORANG TUA,2.000.001 - 3.000.000,N
SMA-IPS,KABUPATEN SEKADAU,July,ORANG TUA,500.001 - 1.000.000,N
SMA-IPS,KOTA PONTIANAK,July,ORANG TUA,2.000.001 - 3.000.000,Y
SMA-IPA,KOTA PONTIANAK,July,ORANG TUA,< 500.000,N
SMK INFORMATIKA,KABUPATEN MEMPAWAH,July,ORANG TUA,1.000.001 - 1.500.000,N
SMA-IPA,KABUPATEN SANGGAU,July,ORANG TUA,3.000.001 - 5.000.000,Y
SMA-IPS,KABUPATEN SANGGAU,July,ORANG TUA,> 5.000.000,N
SMK AKUNTANSI,KABUPATEN SANGGAU,July,ORANG TUA,3.000.001 - 5.000.000,Y
SMA-IPA,KABUPATEN KAPUAS HULU,July,ORANG TUA,2.000.001 - 3.000.000,Y
MA IPS,KOTA SINGKAWANG,July,ORANG TUA,< 500.000,N
MA IPS,KOTA PONTIANAK,July,ORANG TUA,> 5.000.000,Y
SMK INFORMATIKA,KABUPATEN SINTANG,July,ORANG TUA,500.001 - 1.000.000,Y
MA IPA,KABUPATEN KUBU RAYA,July,ORANG TUA,2.000.001 - 3.000.000,Y
MA IPA,KABUPATEN MEMPAWAH,July,ORANG TUA,500.001 - 1.000.000,Y
SMA-IPA,KABUPATEN KETAPANG,July,ORANG TUA,500.001 - 1.000.000,N
SMA-IPS,KABUPATEN LANDAK,July,ORANG TUA,1.500.001 - 2.000.000,N
SMK INFORMATIKA,KABUPATEN SEKADAU,July,ORANG TUA,1.000.001 - 1.500.000,Y
MA IPS,KABUPATEN MELAWI,July,ORANG TUA,1.000.001 - 1.500.000,Y
SMA-IPS,KABUPATEN KUBU RAYA,July,ORANG TUA,3.000.001 - 5.000.000,Y
SMA-IPS,KOTA PONTIANAK,July,ORANG TUA,3.000.001 - 5.000.000,Y
MA IPA,KOTA SINGKAWANG,July,ORANG TUA,2.000.001 - 3.000.000,N
SMA-IPS,KABUPATEN KETAPANG,July,ORANG TUA,3.000.001 - 5.000.000,Y
SMA-IPS,KABUPATEN BENGKAYANG,July,ORANG TUA,3.000.001 - 5.000.000,Y
SMA-IPS,KABUPATEN KUBU RAYA,July,ORANG TUA,> 5.000.000,N
SMA-IPS,KABUPATEN KAYONG UTARA,July,ORANG TUA,1.500.001 - 2.000.000,N
MA IPS,KABUPATEN MEMPAWAH,July,ORANG TUA,1.500.001 - 2.000.000,N
SMA-IPA,KABUPATEN SAMBAS,July,ORANG TUA,1.500.001 - 2.000.000,N
SMK INFORMATIKA,KABUPATEN SAMBAS,July,ORANG TUA,500.001 - 1.000.000,Y
MA IPS,KABUPATEN SAMBAS,July,ORANG TUA,> 5.000.000,N
SMA-IPS,KABUPATEN KETAPANG,July,ORANG TUA,500.001 - 1.000.000,N
SMA-IPS,KABUPATEN MELAWI,July,ORANG TUA,1.000.001 - 1.500.000,N
SMA-IPA,KABUPATEN KUBU RAYA,July,ORANG TUA,> 5.000.000,N
SMA-IPS,KABUPATEN KUBU RAYA,July,ORANG TUA,1.000.001 - 1.500.000,Y
SMA-IPA,KABUPATEN SANGGAU,July,ORANG TUA,> 5.000.000,Y
SMA-IPS,KABUPATEN KAPUAS HULU,July,ORANG TUA,2.000.001 - 3.000.000,N
MA IPA,KABUPATEN KAPUAS HULU,July,ORANG TUA,< 500.000,N
SMA-IPA,KABUPATEN MEMPAWAH,July,ORANG TUA,1.000.001 - 1.500.000,N
SMK INFORMATIKA,KOTA PONTIANAK,July,ORANG TUA,500.001 - 1.000.000,Y
SMK INFORMATIKA,KOTA PONTIANAK,July,ORANG TUA,< 500.000,Y
SMA-IPS,KABUPATEN KUBU RAYA,July,WALI,< 500.000,N
STM-MESIN,KOTA PONTIANAK,July,ORANG TUA,1.500.001 - 2.000.000,N
SMA-IPS,KABUPATEN SANGGAU,July,ORANG TUA,< 500.000,N
SMA-IPS,KOTA PONTIANAK,July,ORANG TUA,1.000.001 - 1.500.000,Y
SMA-IPS,KABUPATEN SANGGAU,July,ORANG TUA,2.000.001 - 3.000.000,N
MA AGAMA,KABUPATEN KETAPANG,July,ORANG TUA,2.000.001 - 3.000.000,N
SMA-IPA,KABUPATEN SINTANG,July,ORANG TUA,500.001 - 1.000.000,N
SMA-IPA,KABUPATEN KAPUAS HULU,July,ORANG TUA,< 500.000,N
SMA-IPS,KABUPATEN KUBU RAYA,July,ORANG TUA,< 500.000,Y
SMA-IPA,KOTA SINGKAWANG,July,ORANG TUA,3.000.001 - 5.000.000,N
SMA-IPA,KABUPATEN KETAPANG,July,ORANG TUA,> 5.000.000,Y
SMK INFORMATIKA,KOTA SINGKAWANG,July,ORANG TUA,2.000.001 - 3.000.000,Y
SMA-IPS,KABUPATEN SINTANG,July,ORANG TUA,2.000.001 - 3.000.000,Y
SMA-IPS,KABUPATEN KAPUAS HULU,July,ORANG TUA,< 500.000,N
SMA-IPS,KABUPATEN KUBU RAYA,July,ORANG TUA,500.001 - 1.000.000,Y
SMK BISNIS MANAJEMEN,KABUPATEN KUBU RAYA,July,ORANG TUA,1.500.001 - 2.000.000,Y
SMA-IPS,KABUPATEN MEMPAWAH,July,ORANG TUA,3.000.001 - 5.000.000,N
SMK BISNIS MANAJEMEN,KABUPATEN SINTANG,July,ORANG TUA,1.500.001 - 2.000.000,Y
SMK-PERHOTELAN,KOTA PONTIANAK,July,ORANG TUA,1.000.001 - 1.500.000,N
SMA-IPA,KABUPATEN KUBU RAYA,July,ORANG TUA,< 500.000,N
SMA-IPA,KABUPATEN KETAPANG,July,ORANG TUA,1.000.001 - 1.500.000,N
SMK PERTANIAN,KABUPATEN SAMBAS,July,ORANG TUA,< 500.000,N
SMA-IPA,KOTA SINGKAWANG,July,ORANG TUA,2.000.001 - 3.000.000,Y
SMA-IPS,KABUPATEN KETAPANG,July,ORANG TUA,2.000.001 - 3.000.000,N
SMA-IPS,KABUPATEN KETAPANG,July,ORANG TUA,1.500.001 - 2.000.000,N
SMA-IPS,KABUPATEN LANDAK,July,ORANG TUA,500.001 - 1.000.000,Y
MA IPS,KABUPATEN SEKADAU,July,ORANG TUA,1.000.001 - 1.500.000,Y
MA IPA,KABUPATEN MELAWI,July,ORANG TUA,3.000.001 - 5.000.000,Y
SMA-IPA,KABUPATEN KUBU RAYA,July,ORANG TUA,1.000.001 - 1.500.000,Y
SMA-IPS,KABUPATEN SAMBAS,July,ORANG TUA,1.000.001 - 1.500.000,N
SMA-IPA,KABUPATEN SAMBAS,July,ORANG TUA,> 5.000.000,N
SMA-IPA,KABUPATEN KETAPANG,July,ORANG TUA,2.000.001 - 3.000.000,N
SMA-IPA,KOTA SINGKAWANG,July,ORANG TUA,500.001 - 1.000.000,Y
SMA-IPA,KOTA PONTIANAK,July,ORANG TUA,1.500.001 - 2.000.000,N
SMK PARIWISATA,KOTA PONTIANAK,July,ORANG TUA,1.000.001 - 1.500.000,N
SMK-MEKANIK,KOTA PONTIANAK,July,ORANG TUA,2.000.001 - 3.000.000,N
SMK INFORMATIKA,KABUPATEN KETAPANG,July,ORANG TUA,2.000.001 - 3.000.000,N
SMK INFORMATIKA,KABUPATEN SEKADAU,July,ORANG TUA,2.000.001 - 3.000.000,N
SMA-IPA,KABUPATEN KAYONG UTARA,July,ORANG TUA,3.000.001 - 5.000.000,N
SMK INFORMATIKA,KABUPATEN KUBU RAYA,July,ORANG TUA,500.001 - 1.000.000,Y
SMK TEKNIK INDUSTRI,KOTA PONTIANAK,July,ORANG TUA,500.001 - 1.000.000,N
SMA-IPS,KABUPATEN SANGGAU,July,ORANG TUA,3.000.001 - 5.000.000,N
MA IPS,KABUPATEN SANGGAU,July,ORANG TUA,1.500.001 - 2.000.000,Y
SMA-IPA,KABUPATEN LANDAK,July,ORANG TUA,3.000.001 - 5.000.000,N
SMK-PERHOTELAN,KOTA PONTIANAK,July,ORANG TUA,500.001 - 1.000.000,N
SMK AKUNTANSI,KABUPATEN SAMBAS,July,ORANG TUA,< 500.000,Y
SMK AKUNTANSI,KABUPATEN SAMBAS,July,ORANG TUA,500.001 - 1.000.000,N
SMA-IPA,KABUPATEN SINTANG,July,ORANG TUA,1.000.001 - 1.500.000,Y
SMA-IPS,KABUPATEN KAPUAS HULU,July,ORANG TUA,500.001 - 1.000.000,Y
SMA-IPA,KABUPATEN SAMBAS,July,ORANG TUA,500.001 - 1.000.000,N
SMA-IPA,KABUPATEN SINTANG,July,ORANG TUA,3.000.001 - 5.000.000,Y
SMA-IPS,KABUPATEN SEKADAU,July,ORANG TUA,3.000.001 - 5.000.000,Y
SMA-IPS,KOTA PONTIANAK,July,ORANG TUA,500.001 - 1.000.000,N
SMA-IPS,KOTA PONTIANAK,July,ORANG TUA,1.500.001 - 2.000.000,Y
STM-SIPIL,KABUPATEN SINTANG,July,ORANG TUA,< 500.000,Y
SMA-IPS,KABUPATEN MELAWI,July,ORANG TUA,1.500.001 - 2.000.000,Y
SMK BISNIS MANAJEMEN,KABUPATEN SAMBAS,July,ORANG TUA,1.000.001 - 1.500.000,N
SMK BISNIS MANAJEMEN,KABUPATEN SAMBAS,July,ORANG TUA,500.001 - 1.000.000,Y
MA IPS,KABUPATEN SAMBAS,July,ORANG TUA,< 500.000,N
SMA-IPS,KABUPATEN KETAPANG,July,ORANG TUA,1.000.001 - 1.500.000,N
STM-LISTRIK,KABUPATEN SINTANG,July,ORANG TUA,500.001 - 1.000.000,Y
SMA-IPA,KABUPATEN KAPUAS HULU,July,ORANG TUA,500.001 - 1.000.000,Y
SMK Perkantoran,KABUPATEN BENGKAYANG,July,ORANG TUA,1.500.001 - 2.000.000,Y
STM-LISTRIK,KABUPATEN SEKADAU,July,ORANG TUA,2.000.001 - 3.000.000,Y
SMA-IPS,KABUPATEN SEKADAU,July,ORANG TUA,< 500.000,N
SMA-IPS,KABUPATEN SEKADAU,July,BEASISWA,< 500.000,Y
MA IPS,KABUPATEN MEMPAWAH,July,ORANG TUA,500.001 - 1.000.000,N
STM-MESIN,KOTA PONTIANAK,July,ORANG TUA,< 500.000,Y
PAKET C,KOTA PONTIANAK,July,ORANG TUA,3.000.001 - 5.000.000,N
SMA-IPS,KABUPATEN SANGGAU,July,ORANG TUA,500.001 - 1.000.000,Y
STM-LISTRIK,KOTA SINGKAWANG,July,ORANG TUA,1.000.001 - 1.500.000,Y
SMK AKUNTANSI,KOTA PONTIANAK,July,ORANG TUA,> 5.000.000,Y
MA IPA,KOTA PONTIANAK,July,ORANG TUA,1.000.001 - 1.500.000,N
SMA-IPA,KABUPATEN MEMPAWAH,July,ORANG TUA,1.500.001 - 2.000.000,N
MA IPA,KABUPATEN KETAPANG,July,ORANG TUA,3.000.001 - 5.000.000,Y
SMA-IPA,KOTA PONTIANAK,July,ORANG TUA,2.000.001 - 3.000.000,N
MA IPS,KOTA SINGKAWANG,July,ORANG TUA,2.000.001 - 3.000.000,Y
SMA-IPA,KABUPATEN SAMBAS,July,ORANG TUA,3.000.001 - 5.000.000,N
SMA-IPA,KABUPATEN MEMPAWAH,July,ORANG TUA,3.000.001 - 5.000.000,N
SMA-IPA,KABUPATEN KETAPANG,July,ORANG TUA,1.500.001 - 2.000.000,Y
SMK INFORMATIKA,KABUPATEN SINTANG,July,ORANG TUA,2.000.001 - 3.000.000,Y
MA IPS,KABUPATEN SINTANG,July,ORANG TUA,500.001 - 1.000.000,Y
SMA-IPS,KABUPATEN KAPUAS HULU,July,ORANG TUA,3.000.001 - 5.000.000,Y
SMA-IPA,KABUPATEN KETAPANG,July,ORANG TUA,< 500.000,N
SMA-IPA,KABUPATEN BENGKAYANG,July,ORANG TUA,500.001 - 1.000.000,N
SMA-IPA,KABUPATEN KUBU RAYA,July,BEASISWA,1.000.001 - 1.500.000,Y
SMK INFORMATIKA,KOTA PONTIANAK,July,ORANG TUA,2.000.001 - 3.000.000,Y
SMK AKUNTANSI,KABUPATEN SAMBAS,August,ORANG TUA,3.000.001 - 5.000.000,N
SMA-IPA,KABUPATEN KETAPANG,August,ORANG TUA,> 5.000.000,N
SMA-IPS,KABUPATEN KETAPANG,August,ORANG TUA,3.000.001 - 5.000.000,Y
SMA-IPS,KABUPATEN KUBU RAYA,August,ORANG TUA,1.500.001 - 2.000.000,N
SMK INFORMATIKA,KABUPATEN SANGGAU,August,ORANG TUA,2.000.001 - 3.000.000,Y
MA IPS,KABUPATEN KETAPANG,August,ORANG TUA,> 5.000.000,Y
SMA-IPA,KABUPATEN KAPUAS HULU,August,ORANG TUA,500.001 - 1.000.000,Y
SMK INFORMATIKA,KABUPATEN SAMBAS,August,ORANG TUA,3.000.001 - 5.000.000,Y
SMA-IPA,KABUPATEN SAMBAS,August,ORANG TUA,2.000.001 - 3.000.000,Y
SMA-IPA,KABUPATEN SANGGAU,August,ORANG TUA,3.000.001 - 5.000.000,Y
SMK Perkantoran,KABUPATEN SANGGAU,August,ORANG TUA,1.000.001 - 1.500.000,Y
SMA-IPA,KABUPATEN KAPUAS HULU,August,ORANG TUA,3.000.001 - 5.000.000,Y
SMA-IPA,KABUPATEN KAYONG UTARA,August,ORANG TUA,500.001 - 1.000.000,Y
SMA-IPS,KABUPATEN KAYONG UTARA,August,BEASISWA,500.001 - 1.000.000,Y
SMA-IPS,KABUPATEN KUBU RAYA,August,ORANG TUA,500.001 - 1.000.000,Y
MA IPS,KABUPATEN MEMPAWAH,August,ORANG TUA,3.000.001 - 5.000.000,N
SMA-IPS,KOTA PONTIANAK,August,ORANG TUA,3.000.001 - 5.000.000,Y
SMA-IPA,KABUPATEN SAMBAS,August,ORANG TUA,< 500.000,N
SMA-IPA,KABUPATEN KUBU RAYA,August,ORANG TUA,3.000.001 - 5.000.000,Y
SMA-IPA,KABUPATEN SAMBAS,August,ORANG TUA,500.001 - 1.000.000,N
SMK-MEKANIK,KABUPATEN SAMBAS,August,ORANG TUA,1.500.001 - 2.000.000,Y
SMKA,KABUPATEN MEMPAWAH,August,ORANG TUA,2.000.001 - 3.000.000,Y
SMA-IPA,KABUPATEN KETAPANG,August,ORANG TUA,500.001 - 1.000.000,N
SMA-IPA,KABUPATEN SINTANG,August,ORANG TUA,2.000.001 - 3.000.000,Y
SMA-IPS,KABUPATEN KAYONG UTARA,August,ORANG TUA,1.000.001 - 1.500.000,N
SMA-IPS,KOTA PONTIANAK,August,ORANG TUA,1.500.001 - 2.000.000,Y
SMA-IPS,KABUPATEN KUBU RAYA,August,ORANG TUA,2.000.001 - 3.000.000,N
SMA-IPA,KOTA PONTIANAK,August,ORANG TUA,2.000.001 - 3.000.000,N
SMK PARIWISATA,KOTA PONTIANAK,August,ORANG TUA,< 500.000,N
SMA-IPS,KOTA PONTIANAK,August,ORANG TUA,2.000.001 - 3.000.000,Y
SMA-IPS,KOTA SINGKAWANG,August,ORANG TUA,1.500.001 - 2.000.000,N
MA IPA,KOTA SINGKAWANG,August,ORANG TUA,2.000.001 - 3.000.000,Y
SMA-IPS,KABUPATEN SAMBAS,August,ORANG TUA,1.500.001 - 2.000.000,N
SMA-IPS,KABUPATEN SAMBAS,August,ORANG TUA,1.000.001 - 1.500.000,N
SMA-IPA,KABUPATEN KETAPANG,August,ORANG TUA,< 500.000,N
SMA-IPA,KABUPATEN SINTANG,August,ORANG TUA,3.000.001 - 5.000.000,N
SMA-IPS,KABUPATEN KAPUAS HULU,August,BEKERJA SENDIRI,500.001 - 1.000.000,N
SMA-IPA,KOTA PONTIANAK,August,ORANG TUA,3.000.001 - 5.000.000,Y
SMA-IPA,KOTA PONTIANAK,August,ORANG TUA,1.500.001 - 2.000.000,N
SMA-IPA,KOTA SINGKAWANG,August,ORANG TUA,3.000.001 - 5.000.000,Y
MA AGAMA,KOTA PONTIANAK,August,ORANG TUA,< 500.000,N
SMA-IPS,KABUPATEN MEMPAWAH,August,ORANG TUA,< 500.000,Y
SMA-IPS,KABUPATEN SANGGAU,August,ORANG TUA,1.500.001 - 2.000.000,N
SMK INFORMATIKA,KABUPATEN SINTANG,August,ORANG TUA,1.000.001 - 1.500.000,Y
SMK-MEKANIK,KABUPATEN LANDAK,August,ORANG TUA,1.500.001 - 2.000.000,N
SMA-IPS,KABUPATEN KAYONG UTARA,August,ORANG TUA,500.001 - 1.000.000,Y
SMA-IPS,KABUPATEN KAYONG UTARA,August,ORANG TUA,1.500.001 - 2.000.000,N
SMK BISNIS MANAJEMEN,KOTA PONTIANAK,August,ORANG TUA,< 500.000,N
MA IPA,KOTA PONTIANAK,August,ORANG TUA,1.500.001 - 2.000.000,N
SMK AKUNTANSI,KOTA PONTIANAK,August,ORANG TUA,1.500.001 - 2.000.000,N
STM-MESIN,KOTA SINGKAWANG,August,ORANG TUA,1.000.001 - 1.500.000,N
STM-MESIN,KOTA PONTIANAK,August,ORANG TUA,1.500.001 - 2.000.000,N
MA IPS,KABUPATEN KETAPANG,August,ORANG TUA,1.000.001 - 1.500.000,Y
SMA-IPA,KOTA PONTIANAK,August,ORANG TUA,> 5.000.000,Y
SMA-IPS,KOTA SINGKAWANG,August,ORANG TUA,3.000.001 - 5.000.000,Y
SMK INFORMATIKA,KABUPATEN SANGGAU,August,ORANG TUA,1.000.001 - 1.500.000,N
SMA-IPA,KABUPATEN KETAPANG,August,ORANG TUA,2.000.001 - 3.000.000,Y
SMK INFORMATIKA,KOTA PONTIANAK,August,ORANG TUA,3.000.001 - 5.000.000,Y
SMA-IPA,KABUPATEN SANGGAU,August,ORANG TUA,> 5.000.000,Y
SMA-IPS,KABUPATEN KETAPANG,August,ORANG TUA,2.000.001 - 3.000.000,Y
MA IPS,KOTA PONTIANAK,August,ORANG TUA,< 500.000,N
SMA-IPS,KABUPATEN SAMBAS,August,ORANG TUA,500.001 - 1.000.000,Y
PAKET C,KOTA PONTIANAK,August,ORANG TUA,1.000.001 - 1.500.000,N
SMA-IPA,KABUPATEN SANGGAU,August,ORANG TUA,2.000.001 - 3.000.000,N
SMA-IPA,KABUPATEN SANGGAU,August,ORANG TUA,< 500.000,N
SMA-IPA,KABUPATEN SAMBAS,August,ORANG TUA,3.000.001 - 5.000.000,Y
SMA-IPS,KABUPATEN SANGGAU,August,ORANG TUA,> 5.000.000,Y
SMA-IPS,KABUPATEN SANGGAU,August,ORANG TUA,3.000.001 - 5.000.000,Y
SMA-IPS,KABUPATEN KAPUAS HULU,August,ORANG TUA,1.000.001 - 1.500.000,N
SMA-IPA,KABUPATEN LANDAK,August,ORANG TUA,< 500.000,N
SMA-IPS,KABUPATEN KAYONG UTARA,August,ORANG TUA,< 500.000,Y
STM-MESIN,KOTA PONTIANAK,August,ORANG TUA,1.000.001 - 1.500.000,Y
SMK-MEKANIK,KOTA PONTIANAK,August,ORANG TUA,1.500.001 - 2.000.000,N
SMA-IPA,KABUPATEN KUBU RAYA,August,ORANG TUA,500.001 - 1.000.000,N
MA IPA,KOTA SINGKAWANG,August,ORANG TUA,> 5.000.000,Y
SMA-IPS,KABUPATEN SAMBAS,August,ORANG TUA,2.000.001 - 3.000.000,N
SMK INFORMATIKA,KABUPATEN SINTANG,August,ORANG TUA,2.000.001 - 3.000.000,Y
SMA-IPA,KABUPATEN SINTANG,August,ORANG TUA,500.001 - 1.000.000,N
SMK Perkantoran,KABUPATEN SINTANG,August,ORANG TUA,3.000.001 - 5.000.000,Y
SMK-MEKANIK,KABUPATEN SINTANG,August,ORANG TUA,2.000.001 - 3.000.000,Y
STM-PERIKANAN,KABUPATEN KUBU RAYA,August,ORANG TUA,1.500.001 - 2.000.000,Y
SPK KEPERAWATAN,KOTA PONTIANAK,August,ORANG TUA,> 5.000.000,Y
SMK Perkantoran,KOTA SINGKAWANG,August,ORANG TUA,3.000.001 - 5.000.000,Y
SPP-SMF,KABUPATEN KUBU RAYA,August,ORANG TUA,3.000.001 - 5.000.000,Y
SMA-IPS,KOTA PONTIANAK,August,ORANG TUA,1.000.001 - 1.500.000,Y
SMA-IPS,KABUPATEN MEMPAWAH,August,ORANG TUA,2.000.001 - 3.000.000,N
SMA-IPS,KABUPATEN MEMPAWAH,August,ORANG TUA,3.000.001 - 5.000.000,N
SMK AKUNTANSI,KABUPATEN MEMPAWAH,August,ORANG TUA,500.001 - 1.000.000,Y
SMA-IPS,KABUPATEN SANGGAU,August,ORANG TUA,2.000.001 - 3.000.000,N
SMA-IPS,KABUPATEN SANGGAU,August,ORANG TUA,1.000.001 - 1.500.000,N
MA IPS,KOTA PONTIANAK,August,ORANG TUA,3.000.001 - 5.000.000,Y
SMA-IPA,KABUPATEN SANGGAU,August,ORANG TUA,1.000.001 - 1.500.000,Y
SMA-IPA,KABUPATEN KETAPANG,August,ORANG TUA,3.000.001 - 5.000.000,Y
MA IPA,KABUPATEN KUBU RAYA,August,ORANG TUA,1.500.001 - 2.000.000,N
SMK Perkantoran,KABUPATEN KETAPANG,August,ORANG TUA,1.000.001 - 1.500.000,N
SMA-IPS,KOTA PONTIANAK,August,ORANG TUA,> 5.000.000,Y
SMK INFORMATIKA,KOTA PONTIANAK,August,ORANG TUA,< 500.000,Y
SMK INFORMATIKA,KABUPATEN SINTANG,August,ORANG TUA,500.001 - 1.000.000,N
SMA-IPA,KABUPATEN SINTANG,August,ORANG TUA,1.500.001 - 2.000.000,Y
SMA-IPS,KABUPATEN KAPUAS HULU,August,ORANG TUA,< 500.000,Y
SMK INFORMATIKA,KABUPATEN KAPUAS HULU,August,ORANG TUA,1.000.001 - 1.500.000,N
SMA-IPA,KABUPATEN KAPUAS HULU,August,ORANG TUA,< 500.000,N
SMA-IPS,KABUPATEN LANDAK,August,ORANG TUA,3.000.001 - 5.000.000,Y
SMA-IPS,KABUPATEN LANDAK,August,ORANG TUA,1.500.001 - 2.000.000,Y
SMA-IPS,KABUPATEN SEKADAU,August,ORANG TUA,3.000.001 - 5.000.000,N
SMA-IPA,KABUPATEN MELAWI,August,ORANG TUA,3.000.001 - 5.000.000,Y
SMA-IPS,KABUPATEN MELAWI,August,ORANG TUA,> 5.000.000,Y
SPP-PERTANIAN,KABUPATEN KUBU RAYA,August,ORANG TUA,3.000.001 - 5.000.000,Y
SMK AKUNTANSI,KOTA PONTIANAK,August,ORANG TUA,1.000.001 - 1.500.000,Y
SMA-IPS,KABUPATEN KUBU RAYA,August,ORANG TUA,> 5.000.000,Y
SMA-IPA,KOTA SINGKAWANG,August,ORANG TUA,1.500.001 - 2.000.000,Y
SMK INFORMATIKA,KABUPATEN SAMBAS,August,ORANG TUA,< 500.000,Y
SMA-IPA,KABUPATEN SAMBAS,August,ORANG TUA,> 5.000.000,Y
SMA-IPS,KABUPATEN SAMBAS,August,ORANG TUA,< 500.000,N
SMA-IPA,KABUPATEN MEMPAWAH,August,ORANG TUA,500.001 - 1.000.000,Y
SMA-IPA,KABUPATEN MEMPAWAH,August,ORANG TUA,> 5.000.000,N
SMA-IPA,KABUPATEN SANGGAU,August,ORANG TUA,1.500.001 - 2.000.000,Y
SMA-IPA,KABUPATEN LANDAK,August,ORANG TUA,500.001 - 1.000.000,N
SMA-IPS,KABUPATEN SANGGAU,August,ORANG TUA,500.001 - 1.000.000,Y
SMA-IPA,KABUPATEN BENGKAYANG,August,ORANG TUA,1.000.001 - 1.500.000,N
SMA-IPS,KABUPATEN SEKADAU,August,ORANG TUA,1.000.001 - 1.500.000,Y
SMA-IPA,KABUPATEN KAYONG UTARA,August,ORANG TUA,2.000.001 - 3.000.000,Y
SMA-IPA,KABUPATEN KAYONG UTARA,August,ORANG TUA,3.000.001 - 5.000.000,Y
SMA-IPS,KABUPATEN KUBU RAYA,August,ORANG TUA,3.000.001 - 5.000.000,Y
SMA-IPA,KABUPATEN KUBU RAYA,August,ORANG TUA,2.000.001 - 3.000.000,Y
SMK AKUNTANSI,KABUPATEN SAMBAS,August,ORANG TUA,1.500.001 - 2.000.000,Y
SMA-IPA,KOTA PONTIANAK,August,ORANG TUA,500.001 - 1.000.000,Y
SMA-IPS,KOTA PONTIANAK,August,ORANG TUA,< 500.000,Y
SMA-IPA,KOTA PONTIANAK,August,ORANG TUA,< 500.000,Y
SMA-IPA,KABUPATEN KUBU RAYA,August,ORANG TUA,> 5.000.000,Y
SMA-IPS,KABUPATEN SAMBAS,August,ORANG TUA,> 5.000.000,Y
SMA-IPA,KABUPATEN SAMBAS,August,ORANG TUA,1.500.001 - 2.000.000,Y
SMA-IPS,KABUPATEN KAPUAS HULU,August,ORANG TUA,500.001 - 1.000.000,N
SMA-IPS,KOTA PONTIANAK,August,ORANG TUA,500.001 - 1.000.000,Y
MA IPS,KABUPATEN SAMBAS,August,ORANG TUA,3.000.001 - 5.000.000,N
SMA-IPS,KABUPATEN SAMBAS,August,ORANG TUA,3.000.001 - 5.000.000,Y
SMA-IPS,KABUPATEN LANDAK,August,ORANG TUA,2.000.001 - 3.000.000,Y
SMA-IPA,KABUPATEN SEKADAU,August,ORANG TUA,2.000.001 - 3.000.000,Y
SMK INFORMATIKA,KABUPATEN SAMBAS,August,ORANG TUA,500.001 - 1.000.000,N
SMA-IPA,KABUPATEN MEMPAWAH,August,ORANG TUA,3.000.001 - 5.000.000,Y
SMA-IPA,KABUPATEN SANGGAU,August,ORANG TUA,500.001 - 1.000.000,N
MA IPA,KABUPATEN SINTANG,August,ORANG TUA,> 5.000.000,Y
SMA-IPS,KABUPATEN SINTANG,August,ORANG TUA,3.000.001 - 5.000.000,Y
SMA-IPS,KABUPATEN KAPUAS HULU,August,ORANG TUA,3.000.001 - 5.000.000,Y
SMA-IPS,KABUPATEN KAPUAS HULU,August,ORANG TUA,> 5.000.000,Y
SMA-IPA,KABUPATEN LANDAK,August,ORANG TUA,3.000.001 - 5.000.000,N
SMEA,KABUPATEN SEKADAU,August,ORANG TUA,3.000.001 - 5.000.000,N
SMA-IPA,KABUPATEN KUBU RAYA,August,ORANG TUA,1.500.001 - 2.000.000,N
SMA-IPS,KABUPATEN MELAWI,August,ORANG TUA,1.000.001 - 1.500.000,N
SMA-IPA,KOTA PONTIANAK,August,ORANG TUA,1.000.001 - 1.500.000,N
SPK KEPERAWATAN,KOTA PONTIANAK,August,ORANG TUA,3.000.001 - 5.000.000,Y
SMK Perkantoran,KOTA PONTIANAK,August,ORANG TUA,500.001 - 1.000.000,Y
SMA-IPA,KOTA SINGKAWANG,August,ORANG TUA,2.000.001 - 3.000.000,N
SMA-IPS,KABUPATEN MEMPAWAH,August,ORANG TUA,500.001 - 1.000.000,N
SPK KEPERAWATAN,KABUPATEN MEMPAWAH,August,ORANG TUA,> 5.000.000,Y
SM ANALIS KESEHATAN,KOTA PONTIANAK,August,ORANG TUA,1.000.001 - 1.500.000,Y
SMA-IPS,KABUPATEN KETAPANG,August,BEASISWA,< 500.000,N
MA IPA,KABUPATEN SINTANG,August,ORANG TUA,2.000.001 - 3.000.000,Y
SMK Perkantoran,KABUPATEN SINTANG,August,ORANG TUA,> 5.000.000,Y
SMK PERTANIAN,KABUPATEN LANDAK,August,ORANG TUA,< 500.000,Y
MA IPS,KOTA PONTIANAK,August,ORANG TUA,1.000.001 - 1.500.000,N
SMA AGAMA,KOTA SINGKAWANG,August,ORANG TUA,3.000.001 - 5.000.000,Y
SMA-IPA,KOTA SINGKAWANG,August,ORANG TUA,> 5.000.000,Y
SMA-IPS,KABUPATEN BENGKAYANG,August,ORANG TUA,500.001 - 1.000.000,Y
MA IPA,KABUPATEN LANDAK,August,ORANG TUA,1.500.001 - 2.000.000,N
SMA-IPA,KABUPATEN SEKADAU,August,ORANG TUA,1.500.001 - 2.000.000,Y
SMK INFORMATIKA,KABUPATEN KUBU RAYA,August,ORANG TUA,1.000.001 - 1.500.000,N
SMK Perkantoran,KABUPATEN SAMBAS,August,ORANG TUA,3.000.001 - 5.000.000,N
SMA-IPA,KABUPATEN KETAPANG,August,ORANG TUA,1.000.001 - 1.500.000,Y
SMA-IPS,KABUPATEN KAPUAS HULU,August,ORANG TUA,1.500.001 - 2.000.000,N
SMK-MEKANIK,KABUPATEN SEKADAU,August,ORANG TUA,1.000.001 - 1.500.000,N
SMA-IPA,KABUPATEN LANDAK,August,ORANG TUA,2.000.001 - 3.000.000,Y
SMA-IPS,KABUPATEN MELAWI,August,ORANG TUA,3.000.001 - 5.000.000,N
SMK BISNIS MANAJEMEN,KABUPATEN KUBU RAYA,August,ORANG TUA,500.001 - 1.000.000,N
MA IPA,KABUPATEN SAMBAS,August,ORANG TUA,< 500.000,N
SMA-IPA,KABUPATEN SEKADAU,August,ORANG TUA,1.000.001 - 1.500.000,N
MA IPS,KOTA SINGKAWANG,August,ORANG TUA,2.000.001 - 3.000.000,N
SMA-IPA,KABUPATEN MEMPAWAH,August,ORANG TUA,2.000.001 - 3.000.000,Y
SMA-IPS,KABUPATEN MEMPAWAH,August,ORANG TUA,1.500.001 - 2.000.000,N
SMA-IPS,KABUPATEN SINTANG,August,BEASISWA,1.500.001 - 2.000.000,Y
STM-PERIKANAN,KABUPATEN KAPUAS HULU,August,ORANG TUA,< 500.000,Y
SMA-IPA,KABUPATEN SEKADAU,August,ORANG TUA,3.000.001 - 5.000.000,Y
SMK-MEKANIK,KOTA PONTIANAK,August,ORANG TUA,2.000.001 - 3.000.000,Y
MA IPS,KABUPATEN KETAPANG,August,ORANG TUA,1.500.001 - 2.000.000,N
SMK-MEKANIK,KABUPATEN SINTANG,August,ORANG TUA,1.500.001 - 2.000.000,Y
SMA-IPA,KABUPATEN MELAWI,August,ORANG TUA,2.000.001 - 3.000.000,Y
SMK INFORMATIKA,KABUPATEN MELAWI,August,ORANG TUA,1.000.001 - 1.500.000,Y
SMA-IPS,KABUPATEN KETAPANG,August,ORANG TUA,1.000.001 - 1.500.000,Y
SMA-IPS,KOTA PONTIANAK,August,BEASISWA,< 500.000,Y
MA IPA,KABUPATEN SAMBAS,August,ORANG TUA,1.500.001 - 2.000.000,Y
SMA-IPA,KABUPATEN SAMBAS,August,ORANG TUA,1.000.001 - 1.500.000,N
SMA-IPS,KABUPATEN KUBU RAYA,August,ORANG TUA,1.000.001 - 1.500.000,Y
SMA-IPA,KABUPATEN KETAPANG,August,ORANG TUA,1.500.001 - 2.000.000,Y
SMK PERTANIAN,KABUPATEN KETAPANG,August,ORANG TUA,< 500.000,N
SMA-IPA,KABUPATEN KAPUAS HULU,August,ORANG TUA,1.500.001 - 2.000.000,Y
SMK INFORMATIKA,KABUPATEN SEKADAU,August,ORANG TUA,3.000.001 - 5.000.000,N
SMA-IPA,KABUPATEN MELAWI,August,ORANG TUA,< 500.000,Y
SMA-IPS,KABUPATEN MELAWI,August,ORANG TUA,< 500.000,Y
SMK-MEKANIK,KABUPATEN KAYONG UTARA,August,ORANG TUA,2.000.001 - 3.000.000,N
STM-PEMBANGUNAN,KOTA PONTIANAK,August,ORANG TUA,500.001 - 1.000.000,Y
SMK-MEKANIK,KOTA SINGKAWANG,August,ORANG TUA,500.001 - 1.000.000,Y
SMK-PERHOTELAN,KABUPATEN KETAPANG,August,ORANG TUA,2.000.001 - 3.000.000,N
SMA-IPS,KABUPATEN KETAPANG,August,BEASISWA,2.000.001 - 3.000.000,Y
SMA-IPS,KABUPATEN SINTANG,August,ORANG TUA,1.000.001 - 1.500.000,N
SMA-IPS,KABUPATEN LANDAK,August,ORANG TUA,500.001 - 1.000.000,N
SMK AKUNTANSI,KOTA PONTIANAK,August,ORANG TUA,2.000.001 - 3.000.000,Y
STM-PERIKANAN,KABUPATEN KUBU RAYA,August,BEASISWA,500.001 - 1.000.000,Y
SMK PERTANIAN,KABUPATEN KUBU RAYA,August,BEASISWA,< 500.000,Y
MA IPS,KABUPATEN KUBU RAYA,August,BEASISWA,< 500.000,Y
SMA AGAMA,KOTA PONTIANAK,August,ORANG TUA,500.001 - 1.000.000,Y
SMK PARIWISATA,KOTA PONTIANAK,August,ORANG TUA,1.000.001 - 1.500.000,N
SMA-IPS,KOTA SINGKAWANG,August,ORANG TUA,2.000.001 - 3.000.000,N
STM-MESIN,KOTA PONTIANAK,August,ORANG TUA,2.000.001 - 3.000.000,Y
SMA-IPA,KABUPATEN MEMPAWAH,August,ORANG TUA,1.500.001 - 2.000.000,N
SMA-IPA,KABUPATEN SAMBAS,August,BEASISWA,500.001 - 1.000.000,Y
MA IPA,KOTA SINGKAWANG,August,ORANG TUA,500.001 - 1.000.000,Y
SMK PERTANIAN,KABUPATEN SAMBAS,August,ORANG TUA,500.001 - 1.000.000,N
SMK BISNIS MANAJEMEN,KABUPATEN KUBU RAYA,August,ORANG TUA,2.000.001 - 3.000.000,Y
SMK AKUNTANSI,KABUPATEN SANGGAU,August,ORANG TUA,500.001 - 1.000.000,Y
PAKET C,KABUPATEN KETAPANG,August,ORANG TUA,1.000.001 - 1.500.000,Y
SMA-IPS,KABUPATEN KETAPANG,August,ORANG TUA,< 500.000,Y
SMEA,KABUPATEN KETAPANG,August,ORANG TUA,2.000.001 - 3.000.000,Y
SMA-IPS,KABUPATEN KETAPANG,August,ORANG TUA,> 5.000.000,Y
SMA-IPS,KABUPATEN KETAPANG,August,ORANG TUA,500.001 - 1.000.000,Y
MA IPA,KABUPATEN KETAPANG,August,ORANG TUA,3.000.001 - 5.000.000,Y
SMA-IPS,KABUPATEN SINTANG,August,ORANG TUA,2.000.001 - 3.000.000,Y
SMA-IPS,KABUPATEN SINTANG,August,ORANG TUA,< 500.000,Y
SMA-IPS,KABUPATEN KAPUAS HULU,August,BEASISWA,500.001 - 1.000.000,Y
SMA-IPS,KABUPATEN KAPUAS HULU,August,ORANG TUA,2.000.001 - 3.000.000,Y
SMA-IPA,KABUPATEN BENGKAYANG,August,ORANG TUA,1.500.001 - 2.000.000,N
SMA-IPA,KABUPATEN LANDAK,August,ORANG TUA,1.000.001 - 1.500.000,N
SMA-IPS,KABUPATEN SEKADAU,August,ORANG TUA,1.500.001 - 2.000.000,Y
SMA-IPA,KABUPATEN MELAWI,August,ORANG TUA,1.500.001 - 2.000.000,Y
SMK AKUNTANSI,KABUPATEN MELAWI,August,ORANG TUA,1.500.001 - 2.000.000,Y
SMA-IPA,KABUPATEN KUBU RAYA,August,ORANG TUA,< 500.000,Y
MA IPS,KABUPATEN KAYONG UTARA,August,ORANG TUA,3.000.001 - 5.000.000,Y
MA IPS,KOTA PONTIANAK,August,ORANG TUA,500.001 - 1.000.000,N
STM-LISTRIK,KABUPATEN SINTANG,August,ORANG TUA,< 500.000,N
SMK BISNIS MANAJEMEN,KOTA PONTIANAK,August,ORANG TUA,500.001 - 1.000.000,N
SMA-IPS,KOTA SINGKAWANG,August,ORANG TUA,> 5.000.000,Y
SMA-IPA,KOTA SINGKAWANG,August,BEASISWA,< 500.000,Y
SMA-IPS,KABUPATEN SANGGAU,August,BEASISWA,500.001 - 1.000.000,Y
SMA-IPS,KABUPATEN SANGGAU,August,ORANG TUA,< 500.000,Y
MA IPA,KABUPATEN KETAPANG,August,ORANG TUA,1.500.001 - 2.000.000,Y
SMA-IPS,KABUPATEN SINTANG,August,ORANG TUA,1.500.001 - 2.000.000,Y
SMA-IPA,KABUPATEN KAPUAS HULU,August,ORANG TUA,1.000.001 - 1.500.000,Y
SMK INFORMATIKA,KABUPATEN KAPUAS HULU,August,ORANG TUA,500.001 - 1.000.000,Y
SMA-BAHASA,KABUPATEN BENGKAYANG,August,ORANG TUA,2.000.001 - 3.000.000,Y
SMA-IPS,KABUPATEN BENGKAYANG,August,ORANG TUA,1.500.001 - 2.000.000,N
SMA-IPA,KABUPATEN BENGKAYANG,August,ORANG TUA,500.001 - 1.000.000,N
SMK Perkantoran,KOTA PONTIANAK,August,ORANG TUA,1.500.001 - 2.000.000,Y
SMK INFORMATIKA,KABUPATEN SEKADAU,August,ORANG TUA,500.001 - 1.000.000,N
SMA-IPS,KABUPATEN MELAWI,August,ORANG TUA,2.000.001 - 3.000.000,Y
SMK AKUNTANSI,KABUPATEN MELAWI,August,ORANG TUA,500.001 - 1.000.000,Y
SMA-IPA,KABUPATEN KAYONG UTARA,August,ORANG TUA,> 5.000.000,Y
STM-PEMBANGUNAN,KABUPATEN KUBU RAYA,August,BEASISWA,500.001 - 1.000.000,Y
MA IPA,KABUPATEN KUBU RAYA,August,ORANG TUA,500.001 - 1.000.000,N
SMA-IPA,KABUPATEN KUBU RAYA,August,ORANG TUA,1.000.001 - 1.500.000,Y
MA IPS,KABUPATEN KUBU RAYA,August,ORANG TUA,2.000.001 - 3.000.000,Y
SMA-IPS,KABUPATEN KUBU RAYA,August,ORANG TUA,< 500.000,N
SMKA,KOTA PONTIANAK,August,ORANG TUA,1.000.001 - 1.500.000,Y
SMKA,KOTA PONTIANAK,August,ORANG TUA,1.500.001 - 2.000.000,N
SMA-IPS,KOTA SINGKAWANG,August,ORANG TUA,500.001 - 1.000.000,Y
SMK INFORMATIKA,KABUPATEN SINTANG,August,ORANG TUA,3.000.001 - 5.000.000,Y
MA IPS,KABUPATEN KAPUAS HULU,August,WALI,500.001 - 1.000.000,N
SMK BISNIS MANAJEMEN,KABUPATEN BENGKAYANG,August,ORANG TUA,3.000.001 - 5.000.000,Y
STM-PEMBANGUNAN,KABUPATEN SEKADAU,August,ORANG TUA,3.000.001 - 5.000.000,N
SMK INFORMATIKA,KABUPATEN MELAWI,August,ORANG TUA,> 5.000.000,Y
SMA-IPS,KABUPATEN MELAWI,August,ORANG TUA,1.500.001 - 2.000.000,Y
STM-PERIKANAN,KABUPATEN KUBU RAYA,August,ORANG TUA,500.001 - 1.000.000,N
STM-PERIKANAN,KABUPATEN KUBU RAYA,August,ORANG TUA,< 500.000,N
SMK KESJ. MASYARAKAT,KOTA PONTIANAK,August,ORANG TUA,2.000.001 - 3.000.000,N
MA AGAMA,KOTA PONTIANAK,August,ORANG TUA,3.000.001 - 5.000.000,N
SMK PARIWISATA,KOTA PONTIANAK,August,ORANG TUA,3.000.001 - 5.000.000,Y
SMEA,KOTA SINGKAWANG,August,ORANG TUA,> 5.000.000,Y
SMA-IPS,KABUPATEN SINTANG,August,ORANG TUA,> 5.000.000,Y
SMK-MEKANIK,KABUPATEN LANDAK,August,ORANG TUA,1.000.001 - 1.500.000,Y
SMA-IPS,KABUPATEN KETAPANG,August,ORANG TUA,1.500.001 - 2.000.000,Y
MA IPA,KOTA PONTIANAK,August,ORANG TUA,> 5.000.000,N
SMA-IPS,KABUPATEN SEKADAU,August,ORANG TUA,2.000.001 - 3.000.000,Y
SMK INFORMATIKA,KABUPATEN MELAWI,August,ORANG TUA,2.000.001 - 3.000.000,N
SMA-IPA,KABUPATEN KAYONG UTARA,August,ORANG TUA,< 500.000,Y
STM-PEMBANGUNAN,KABUPATEN KUBU RAYA,August,ORANG TUA,2.000.001 - 3.000.000,N
SMKI/SMIK,KOTA PONTIANAK,August,ORANG TUA,1.000.001 - 1.500.000,Y
SMK BISNIS MANAJEMEN,KOTA PONTIANAK,August,BEASISWA,< 500.000,Y
MA IPA,KOTA PONTIANAK,August,ORANG TUA,2.000.001 - 3.000.000,Y
SPK KEPERAWATAN,KOTA PONTIANAK,August,ORANG TUA,2.000.001 - 3.000.000,N
SMA-IPS,KABUPATEN SAMBAS,September,ORANG TUA,2.000.001 - 3.000.000,Y
SMA-IPS,KABUPATEN MEMPAWAH,September,ORANG TUA,> 5.000.000,Y
SMA-IPA,KABUPATEN SANGGAU,September,ORANG TUA,2.000.001 - 3.000.000,N
SMA-IPS,KABUPATEN KETAPANG,September,ORANG TUA,2.000.001 - 3.000.000,Y
SMA-IPS,KOTA PONTIANAK,September,ORANG TUA,500.001 - 1.000.000,Y
SMA-IPS,KABUPATEN KAPUAS HULU,September,ORANG TUA,500.001 - 1.000.000,Y
SMA-IPA,KABUPATEN SEKADAU,September,ORANG TUA,500.001 - 1.000.000,N
SMA-IPS,KABUPATEN MELAWI,September,ORANG TUA,> 5.000.000,N
SMA-IPS,KOTA PONTIANAK,September,ORANG TUA,3.000.001 - 5.000.000,N
SMA-IPS,KOTA SINGKAWANG,September,ORANG TUA,3.000.001 - 5.000.000,Y
SMA-IPS,KOTA SINGKAWANG,September,ORANG TUA,< 500.000,N
SMA-IPS,KABUPATEN KUBU RAYA,September,ORANG TUA,> 5.000.000,N
SMA-IPS,KOTA SINGKAWANG,September,ORANG TUA,2.000.001 - 3.000.000,N
SMA-IPS,KABUPATEN SINTANG,September,ORANG TUA,500.001 - 1.000.000,Y
SMA-IPS,KABUPATEN SINTANG,September,ORANG TUA,1.000.001 - 1.500.000,Y
SMA-IPS,KABUPATEN SINTANG,September,ORANG TUA,3.000.001 - 5.000.000,Y
SMA-IPS,KOTA PONTIANAK,September,ORANG TUA,> 5.000.000,N
SMA-IPS,KABUPATEN KAPUAS HULU,September,ORANG TUA,1.000.001 - 1.500.000,Y
SMA-IPS,KABUPATEN LANDAK,September,ORANG TUA,500.001 - 1.000.000,N
SMA-IPS,KABUPATEN SEKADAU,September,ORANG TUA,500.001 - 1.000.000,Y
SMA-IPA,KABUPATEN KAYONG UTARA,September,ORANG TUA,1.000.001 - 1.500.000,Y
SMA-IPA,KABUPATEN KAYONG UTARA,September,ORANG TUA,3.000.001 - 5.000.000,Y
SMA-IPS,KABUPATEN LANDAK,September,ORANG TUA,1.500.001 - 2.000.000,N
SMA-IPS,KOTA PONTIANAK,September,ORANG TUA,1.000.001 - 1.500.000,Y
SMA-IPA,KOTA PONTIANAK,September,ORANG TUA,3.000.001 - 5.000.000,Y
SMK INFORMATIKA,KOTA PONTIANAK,September,ORANG TUA,1.500.001 - 2.000.000,N
MA AGAMA,KABUPATEN KETAPANG,September,ORANG TUA,< 500.000,Y
SMA-IPS,KOTA PONTIANAK,September,ORANG TUA,< 500.000,N
MA IPA,KABUPATEN KAPUAS HULU,September,ORANG TUA,3.000.001 - 5.000.000,N
SMA-IPA,KABUPATEN MELAWI,September,ORANG TUA,2.000.001 - 3.000.000,Y
SMA-IPA,KOTA PONTIANAK,September,ORANG TUA,2.000.001 - 3.000.000,Y
MA IPA,KOTA SINGKAWANG,September,ORANG TUA,3.000.001 - 5.000.000,N
SMA-IPS,KABUPATEN KUBU RAYA,September,ORANG TUA,3.000.001 - 5.000.000,Y
SMA-IPS,KABUPATEN KETAPANG,September,ORANG TUA,< 500.000,Y
MA IPS,KABUPATEN SINTANG,September,ORANG TUA,1.500.001 - 2.000.000,Y
SMA-IPA,KABUPATEN KAPUAS HULU,September,ORANG TUA,< 500.000,N
SMEA,KABUPATEN SEKADAU,September,ORANG TUA,1.000.001 - 1.500.000,N
MA IPS,KABUPATEN MELAWI,September,ORANG TUA,500.001 - 1.000.000,Y
MA AGAMA,KOTA SINGKAWANG,September,ORANG TUA,500.001 - 1.000.000,Y
MA IPS,KABUPATEN KUBU RAYA,September,BEKERJA SENDIRI,< 500.000,N
SMK INFORMATIKA,KOTA PONTIANAK,September,ORANG TUA,2.000.001 - 3.000.000,N
SMA-IPS,KABUPATEN SAMBAS,September,ORANG TUA,1.000.001 - 1.500.000,Y
SPK KEPERAWATAN,KOTA PONTIANAK,September,ORANG TUA,2.000.001 - 3.000.000,Y
SMA-IPS,KABUPATEN KAPUAS HULU,September,ORANG TUA,2.000.001 - 3.000.000,N
SMA-IPA,KABUPATEN LANDAK,September,ORANG TUA,3.000.001 - 5.000.000,Y
SMA-IPS,KABUPATEN KAYONG UTARA,September,ORANG TUA,< 500.000,N
SMK INFORMATIKA,KOTA PONTIANAK,September,ORANG TUA,< 500.000,N
STM-MESIN,KOTA PONTIANAK,September,ORANG TUA,3.000.001 - 5.000.000,N
SMA-IPS,KOTA SINGKAWANG,September,ORANG TUA,1.500.001 - 2.000.000,N
SMK AKUNTANSI,KABUPATEN KETAPANG,September,ORANG TUA,< 500.000,N
SMA-IPS,KABUPATEN KETAPANG,September,ORANG TUA,3.000.001 - 5.000.000,Y
SMA-IPA,KABUPATEN BENGKAYANG,September,BEASISWA,500.001 - 1.000.000,Y
SMA-IPS,KOTA SINGKAWANG,September,ORANG TUA,500.001 - 1.000.000,Y
SMA-IPS,KOTA SINGKAWANG,September,ORANG TUA,1.000.001 - 1.500.000,Y
SMK BISNIS MANAJEMEN,KABUPATEN SINTANG,September,ORANG TUA,2.000.001 - 3.000.000,N
SMA-IPS,KABUPATEN SAMBAS,September,ORANG TUA,500.001 - 1.000.000,Y
SMK INFORMATIKA,KABUPATEN KETAPANG,September,ORANG TUA,> 5.000.000,N
SMK Perkantoran,KABUPATEN SINTANG,September,ORANG TUA,3.000.001 - 5.000.000,Y
SMA-IPA,KABUPATEN KAPUAS HULU,September,ORANG TUA,2.000.001 - 3.000.000,Y
SMK-MEKANIK,KABUPATEN KAPUAS HULU,September,ORANG TUA,< 500.000,Y
SMA-IPS,KABUPATEN SEKADAU,September,ORANG TUA,1.000.001 - 1.500.000,Y
SMA-IPS,KABUPATEN KUBU RAYA,September,ORANG TUA,500.001 - 1.000.000,N
SMA-IPA,KABUPATEN KUBU RAYA,September,ORANG TUA,500.001 - 1.000.000,Y
SMA-IPA,KABUPATEN SAMBAS,September,BEASISWA,< 500.000,Y
SMA-IPS,KABUPATEN SAMBAS,September,BEASISWA,< 500.000,Y
SMA-IPA,KABUPATEN SAMBAS,September,ORANG TUA,3.000.001 - 5.000.000,Y
SMA-IPA,KABUPATEN SAMBAS,September,ORANG TUA,1.000.001 - 1.500.000,Y
MA IPA,KABUPATEN SANGGAU,September,ORANG TUA,3.000.001 - 5.000.000,Y
SMA-IPA,KABUPATEN SINTANG,September,ORANG TUA,> 5.000.000,Y
SMA-IPS,KABUPATEN KAPUAS HULU,September,BEASISWA,500.001 - 1.000.000,Y
SMA-IPS,KABUPATEN BENGKAYANG,September,ORANG TUA,2.000.001 - 3.000.000,Y
SMK PERTANIAN,KABUPATEN KAYONG UTARA,September,BEASISWA,1.500.001 - 2.000.000,Y
SMA-IPA,KOTA PONTIANAK,September,BEASISWA,< 500.000,Y
SMA-IPS,KABUPATEN SAMBAS,September,ORANG TUA,< 500.000,Y
SMA-IPS,KABUPATEN KAPUAS HULU,September,ORANG TUA,< 500.000,N
SMA-IPS,KABUPATEN KETAPANG,September,ORANG TUA,1.000.001 - 1.500.000,Y
SMK INFORMATIKA,KABUPATEN SINTANG,September,ORANG TUA,1.500.001 - 2.000.000,Y
SMK TEKNIK INDUSTRI,KOTA PONTIANAK,September,ORANG TUA,500.001 - 1.000.000,N
SMA-IPS,KABUPATEN SANGGAU,September,ORANG TUA,3.000.001 - 5.000.000,Y
SMA-IPA,KABUPATEN KETAPANG,September,ORANG TUA,3.000.001 - 5.000.000,Y
SMA AGAMA,KOTA PONTIANAK,September,ORANG TUA,< 500.000,Y
SMA-IPS,KABUPATEN MEMPAWAH,September,ORANG TUA,1.500.001 - 2.000.000,Y
SMA-IPS,KABUPATEN SINTANG,September,ORANG TUA,2.000.001 - 3.000.000,Y
SMA-IPS,KABUPATEN KAYONG UTARA,September,ORANG TUA,500.001 - 1.000.000,Y
SMA-IPA,KOTA PONTIANAK,September,ORANG TUA,1.500.001 - 2.000.000,Y
SMA-IPA,KABUPATEN SANGGAU,September,ORANG TUA,< 500.000,N
STM-KIMIA,KOTA PONTIANAK,September,ORANG TUA,3.000.001 - 5.000.000,Y
SMA-IPS,KABUPATEN MEMPAWAH,September,ORANG TUA,3.000.001 - 5.000.000,Y
SMA-IPA,KABUPATEN SINTANG,September,ORANG TUA,2.000.001 - 3.000.000,Y
SMA-IPA,KABUPATEN BENGKAYANG,September,ORANG TUA,500.001 - 1.000.000,Y
MA IPA,KABUPATEN SAMBAS,September,ORANG TUA,< 500.000,N
SMK INFORMATIKA,KABUPATEN SINTANG,September,ORANG TUA,500.001 - 1.000.000,N
SMA-IPS,KABUPATEN KUBU RAYA,September,ORANG TUA,2.000.001 - 3.000.000,Y
SMA-IPS,KABUPATEN KAYONG UTARA,September,ORANG TUA,2.000.001 - 3.000.000,Y
SMA-IPA,KOTA PONTIANAK,September,ORANG TUA,500.001 - 1.000.000,N
SMA-IPA,KOTA PONTIANAK,September,ORANG TUA,< 500.000,Y
SMA-IPS,KABUPATEN SANGGAU,September,ORANG TUA,> 5.000.000,Y
SMA-IPA,KABUPATEN MEMPAWAH,September,ORANG TUA,2.000.001 - 3.000.000,N
MA IPA,KABUPATEN SINTANG,September,ORANG TUA,1.500.001 - 2.000.000,Y
SMA-IPS,KABUPATEN BENGKAYANG,September,ORANG TUA,500.001 - 1.000.000,Y
STM-PERIKANAN,KABUPATEN KUBU RAYA,September,ORANG TUA,500.001 - 1.000.000,N
SMA-IPA,KABUPATEN LANDAK,September,ORANG TUA,2.000.001 - 3.000.000,N
SMA-IPA,KABUPATEN KAYONG UTARA,September,ORANG TUA,500.001 - 1.000.000,N
SMA-IPA,KABUPATEN KETAPANG,September,ORANG TUA,1.000.001 - 1.500.000,N
SMA-IPS,KOTA SINGKAWANG,September,ORANG TUA,> 5.000.000,Y
SMA-IPS,KABUPATEN SINTANG,October,ORANG TUA,1.000.001 - 1.500.000,N
SMA-IPA,KABUPATEN KUBU RAYA,October,ORANG TUA,3.000.001 - 5.000.000,Y
SMA-IPS,KABUPATEN KAPUAS HULU,October,ORANG TUA,> 5.000.000,Y
SMA-IPS,KABUPATEN SANGGAU,October,ORANG TUA,500.001 - 1.000.000,Y
SMA-IPS,KABUPATEN KETAPANG,October,ORANG TUA,1.000.001 - 1.500.000,N
SMA-IPA,KABUPATEN SINTANG,October,ORANG TUA,< 500.000,N
SMA-IPA,KOTA PONTIANAK,October,ORANG TUA,2.000.001 - 3.000.000,N
SMA-IPA,KOTA PONTIANAK,October,ORANG TUA,3.000.001 - 5.000.000,Y
SMA-IPA,KABUPATEN SAMBAS,October,ORANG TUA,3.000.001 - 5.000.000,Y
SMK INFORMATIKA,KOTA PONTIANAK,October,ORANG TUA,2.000.001 - 3.000.000,N
SMA-IPS,KABUPATEN KUBU RAYA,October,ORANG TUA,1.500.001 - 2.000.000,Y
STM-PERIKANAN,KABUPATEN KAYONG UTARA,October,ORANG TUA,1.500.001 - 2.000.000,Y
